Material_Name,Product_Category,Material_Suitability_Score,Cost_per_kg,CO2_Emission_kg,Max_Fragility_Load,Water_Resistance
Heavy-Duty Insulated Styrofoam Box,Medical & Pharma,9.37,3.82,5.821,51,True
Lightweight Insulated Styrofoam Box,Medical & Pharma,9.87,3.23,5.919,53,True
Heavy-Duty Insulated Styrofoam Box,Medical & Pharma,9.04,3.32,5.951,47,True
Heavy-Duty Insulated Styrofoam Box,Medical & Pharma,9.37,3.91,5.861,47,True
Standard Insulated Styrofoam Box,Medical & Pharma,9.89,3.55,6.36,51,True
Standard Insulated Styrofoam Box,Medical & Pharma,9.37,3.28,5.611,48,True
Eco-Friendly Insulated Styrofoam Box,Medical & Pharma,9.18,3.27,5.622,52,True
Heavy-Duty Insulated Styrofoam Box,Medical & Pharma,9.63,3.74,5.896,54,True
Reinforced Insulated Styrofoam Box,Medical & Pharma,9.03,3.96,6.161,49,True
Lightweight Insulated Styrofoam Box,Medical & Pharma,9.78,3.87,6.687,45,True
Reinforced Insulated Styrofoam Box,Medical & Pharma,9.95,3.77,5.644,49,True
Heavy-Duty Insulated Styrofoam Box,Medical & Pharma,9.54,3.51,5.684,48,True
Lightweight Insulated Styrofoam Box,Medical & Pharma,9.29,3.73,6.553,49,True
Eco-Friendly Insulated Styrofoam Box,Medical & Pharma,9.59,3.94,6.52,51,True
Standard Insulated Styrofoam Box,Medical & Pharma,9.79,3.42,6.604,45,True
Heavy-Duty Insulated Styrofoam Box,Medical & Pharma,9.19,3.48,6.742,52,True
Eco-Friendly Insulated Styrofoam Box,Medical & Pharma,9.41,3.27,6.671,52,True
Standard Insulated Styrofoam Box,Medical & Pharma,9.76,3.43,6.235,52,True
Standard Insulated Styrofoam Box,Medical & Pharma,9.04,3.81,6.483,47,True
Heavy-Duty Insulated Styrofoam Box,Medical & Pharma,9.97,3.68,5.679,47,True
Heavy-Duty Insulated Styrofoam Box,Medical & Pharma,9.48,3.17,6.804,45,True
Standard Insulated Styrofoam Box,Medical & Pharma,9.77,4.0,6.743,48,True
Eco-Friendly Insulated Styrofoam Box,Medical & Pharma,9.31,3.65,6.373,52,True
Eco-Friendly Insulated Styrofoam Box,Medical & Pharma,9.61,3.23,6.456,51,True
Reinforced Insulated Styrofoam Box,Medical & Pharma,9.94,3.16,5.831,48,True
Heavy-Duty Insulated Styrofoam Box,Medical & Pharma,9.56,3.71,6.436,45,True
Lightweight Insulated Styrofoam Box,Medical & Pharma,9.7,3.52,6.077,49,True
Lightweight Insulated Styrofoam Box,Medical & Pharma,9.41,3.88,5.974,51,True
Heavy-Duty Insulated Styrofoam Box,Medical & Pharma,9.81,3.78,6.227,52,True
Standard Insulated Styrofoam Box,Medical & Pharma,9.47,4.0,6.108,54,True
Lightweight Insulated Styrofoam Box,Medical & Pharma,9.53,3.47,6.59,45,True
Lightweight Insulated Styrofoam Box,Medical & Pharma,9.97,3.56,5.608,52,True
Heavy-Duty Insulated Styrofoam Box,Medical & Pharma,9.57,3.23,5.66,48,True
Lightweight Insulated Styrofoam Box,Medical & Pharma,9.54,3.82,6.455,51,True
Standard Insulated Styrofoam Box,Medical & Pharma,9.59,3.81,6.142,54,True
Standard Insulated Styrofoam Box,Medical & Pharma,9.7,3.65,6.789,54,True
Reinforced Insulated Styrofoam Box,Medical & Pharma,9.31,3.84,6.134,49,True
Eco-Friendly Insulated Styrofoam Box,Medical & Pharma,9.09,3.98,5.964,52,True
Reinforced Insulated Styrofoam Box,Medical & Pharma,9.76,3.23,6.74,54,True
Reinforced Insulated Styrofoam Box,Medical & Pharma,9.86,3.81,6.577,49,True
Heavy-Duty Insulated Styrofoam Box,Medical & Pharma,9.16,3.88,6.423,54,True
Lightweight Insulated Styrofoam Box,Medical & Pharma,9.78,3.82,6.806,45,True
Reinforced Insulated Styrofoam Box,Medical & Pharma,9.35,3.74,6.734,50,True
Reinforced Insulated Styrofoam Box,Medical & Pharma,9.5,3.6,6.312,53,True
Eco-Friendly Insulated Styrofoam Box,Medical & Pharma,9.05,3.47,6.583,49,True
Eco-Friendly Insulated Styrofoam Box,Medical & Pharma,9.38,3.27,6.783,48,True
Reinforced Insulated Styrofoam Box,Medical & Pharma,9.77,3.2,5.986,50,True
Heavy-Duty Insulated Styrofoam Box,Medical & Pharma,9.88,3.69,6.431,47,True
Standard Insulated Styrofoam Box,Medical & Pharma,9.23,3.86,6.325,53,True
Reinforced Insulated Styrofoam Box,Medical & Pharma,9.69,3.72,6.352,51,True
Heavy-Duty Bio-Based Cool Cooler,Medical & Pharma,9.81,5.69,2.118,41,True
Heavy-Duty Bio-Based Cool Cooler,Medical & Pharma,9.76,4.77,1.911,42,True
Lightweight Bio-Based Cool Cooler,Medical & Pharma,9.55,4.84,2.033,48,True
Heavy-Duty Bio-Based Cool Cooler,Medical & Pharma,9.75,4.89,2.107,41,True
Reinforced Bio-Based Cool Cooler,Medical & Pharma,9.71,5.08,2.037,46,True
Heavy-Duty Bio-Based Cool Cooler,Medical & Pharma,9.79,5.41,1.988,42,True
Eco-Friendly Bio-Based Cool Cooler,Medical & Pharma,10.0,5.09,2.033,47,True
Heavy-Duty Bio-Based Cool Cooler,Medical & Pharma,9.69,5.61,1.994,44,True
Eco-Friendly Bio-Based Cool Cooler,Medical & Pharma,9.96,5.88,2.145,47,True
Lightweight Bio-Based Cool Cooler,Medical & Pharma,9.67,5.33,2.252,43,True
Lightweight Bio-Based Cool Cooler,Medical & Pharma,10.0,4.71,1.993,42,True
Eco-Friendly Bio-Based Cool Cooler,Medical & Pharma,9.96,5.89,2.199,42,True
Standard Bio-Based Cool Cooler,Medical & Pharma,9.38,5.35,2.059,45,True
Lightweight Bio-Based Cool Cooler,Medical & Pharma,9.91,5.43,2.294,49,True
Lightweight Bio-Based Cool Cooler,Medical & Pharma,10.0,5.18,2.123,44,True
Standard Bio-Based Cool Cooler,Medical & Pharma,9.87,5.97,1.986,48,True
Eco-Friendly Bio-Based Cool Cooler,Medical & Pharma,9.48,5.28,1.931,44,True
Standard Bio-Based Cool Cooler,Medical & Pharma,10.0,5.08,2.167,45,True
Standard Bio-Based Cool Cooler,Medical & Pharma,9.88,5.74,1.95,48,True
Standard Bio-Based Cool Cooler,Medical & Pharma,9.52,5.01,2.065,47,True
Eco-Friendly Bio-Based Cool Cooler,Medical & Pharma,9.48,4.89,2.175,49,True
Lightweight Bio-Based Cool Cooler,Medical & Pharma,9.35,5.48,2.062,43,True
Eco-Friendly Bio-Based Cool Cooler,Medical & Pharma,9.39,5.44,2.13,47,True
Reinforced Bio-Based Cool Cooler,Medical & Pharma,10.0,5.9,1.918,41,True
Eco-Friendly Bio-Based Cool Cooler,Medical & Pharma,9.53,5.25,2.047,48,True
Lightweight Bio-Based Cool Cooler,Medical & Pharma,9.41,5.27,2.192,42,True
Reinforced Bio-Based Cool Cooler,Medical & Pharma,9.39,4.71,2.142,44,True
Lightweight Bio-Based Cool Cooler,Medical & Pharma,9.42,5.51,2.087,43,True
Reinforced Bio-Based Cool Cooler,Medical & Pharma,9.95,5.06,1.92,43,True
Standard Bio-Based Cool Cooler,Medical & Pharma,10.0,5.27,2.093,46,True
Reinforced Bio-Based Cool Cooler,Medical & Pharma,9.64,5.98,1.984,44,True
Standard Bio-Based Cool Cooler,Medical & Pharma,9.81,5.51,2.239,42,True
Standard Bio-Based Cool Cooler,Medical & Pharma,10.0,5.3,1.979,44,True
Eco-Friendly Bio-Based Cool Cooler,Medical & Pharma,10.0,5.35,2.085,45,True
Standard Bio-Based Cool Cooler,Medical & Pharma,9.36,4.78,2.292,44,True
Heavy-Duty Bio-Based Cool Cooler,Medical & Pharma,9.95,5.56,1.93,45,True
Standard Bio-Based Cool Cooler,Medical & Pharma,10.0,5.07,2.269,42,True
Eco-Friendly Bio-Based Cool Cooler,Medical & Pharma,9.66,4.9,2.193,48,True
Reinforced Bio-Based Cool Cooler,Medical & Pharma,9.94,4.84,2.139,44,True
Standard Bio-Based Cool Cooler,Medical & Pharma,10.0,4.89,2.213,49,True
Eco-Friendly Bio-Based Cool Cooler,Medical & Pharma,9.68,4.81,2.08,44,True
Eco-Friendly Bio-Based Cool Cooler,Medical & Pharma,9.61,5.54,1.968,47,True
Lightweight Bio-Based Cool Cooler,Medical & Pharma,9.97,4.71,2.1,44,True
Heavy-Duty Bio-Based Cool Cooler,Medical & Pharma,9.72,5.87,2.097,45,True
Eco-Friendly Bio-Based Cool Cooler,Medical & Pharma,10.0,4.73,2.243,43,True
Reinforced Bio-Based Cool Cooler,Medical & Pharma,9.68,5.2,2.209,48,True
Standard Bio-Based Cool Cooler,Medical & Pharma,10.0,5.14,2.142,43,True
Eco-Friendly Bio-Based Cool Cooler,Medical & Pharma,9.37,5.31,2.1,47,True
Heavy-Duty Bio-Based Cool Cooler,Medical & Pharma,9.68,5.33,2.169,43,True
Heavy-Duty Bio-Based Cool Cooler,Medical & Pharma,9.89,5.77,2.188,41,True
Reinforced Sterile PET Blister Pack,Medical & Pharma,8.94,3.93,3.732,10,True
Lightweight Sterile PET Blister Pack,Medical & Pharma,8.77,4.64,3.66,9,True
Heavy-Duty Sterile PET Blister Pack,Medical & Pharma,8.7,4.57,3.597,10,True
Heavy-Duty Sterile PET Blister Pack,Medical & Pharma,9.23,3.77,3.785,10,True
Reinforced Sterile PET Blister Pack,Medical & Pharma,8.98,3.95,3.78,10,True
Reinforced Sterile PET Blister Pack,Medical & Pharma,8.62,4.24,4.055,9,True
Reinforced Sterile PET Blister Pack,Medical & Pharma,9.31,4.12,3.885,10,True
Reinforced Sterile PET Blister Pack,Medical & Pharma,9.21,4.68,3.46,9,True
Eco-Friendly Sterile PET Blister Pack,Medical & Pharma,9.24,3.8,4.081,10,True
Heavy-Duty Sterile PET Blister Pack,Medical & Pharma,9.25,3.91,3.77,10,True
Standard Sterile PET Blister Pack,Medical & Pharma,8.68,4.55,3.76,10,True
Lightweight Sterile PET Blister Pack,Medical & Pharma,8.59,3.91,3.52,10,True
Heavy-Duty Sterile PET Blister Pack,Medical & Pharma,8.89,3.85,3.996,10,True
Lightweight Sterile PET Blister Pack,Medical & Pharma,9.16,3.94,3.969,9,True
Reinforced Sterile PET Blister Pack,Medical & Pharma,8.76,3.76,3.529,10,True
Lightweight Sterile PET Blister Pack,Medical & Pharma,8.7,4.45,3.53,10,True
Lightweight Sterile PET Blister Pack,Medical & Pharma,8.59,3.79,3.668,10,True
Reinforced Sterile PET Blister Pack,Medical & Pharma,8.67,4.55,3.565,9,True
Heavy-Duty Sterile PET Blister Pack,Medical & Pharma,8.63,4.7,3.937,10,True
Reinforced Sterile PET Blister Pack,Medical & Pharma,8.54,3.95,4.046,9,True
Eco-Friendly Sterile PET Blister Pack,Medical & Pharma,8.84,4.67,3.857,10,True
Eco-Friendly Sterile PET Blister Pack,Medical & Pharma,8.46,3.92,3.633,10,True
Lightweight Sterile PET Blister Pack,Medical & Pharma,8.57,4.1,3.639,9,True
Reinforced Sterile PET Blister Pack,Medical & Pharma,8.85,4.15,4.176,9,True
Heavy-Duty Sterile PET Blister Pack,Medical & Pharma,8.61,4.09,3.833,10,True
Lightweight Sterile PET Blister Pack,Medical & Pharma,8.58,3.87,3.566,9,True
Lightweight Sterile PET Blister Pack,Medical & Pharma,9.16,4.35,3.841,10,True
Heavy-Duty Sterile PET Blister Pack,Medical & Pharma,8.76,3.79,3.968,10,True
Heavy-Duty Sterile PET Blister Pack,Medical & Pharma,8.57,4.68,3.947,9,True
Heavy-Duty Sterile PET Blister Pack,Medical & Pharma,8.59,4.29,3.646,9,True
Eco-Friendly Sterile PET Blister Pack,Medical & Pharma,8.95,4.49,3.472,10,True
Reinforced Sterile PET Blister Pack,Medical & Pharma,9.32,4.43,3.857,10,True
Lightweight Sterile PET Blister Pack,Medical & Pharma,8.82,4.02,3.772,10,True
Reinforced Sterile PET Blister Pack,Medical & Pharma,8.96,4.32,3.978,10,True
Heavy-Duty Sterile PET Blister Pack,Medical & Pharma,9.14,4.62,3.562,9,True
Reinforced Sterile PET Blister Pack,Medical & Pharma,8.69,4.12,3.994,9,True
Standard Sterile PET Blister Pack,Medical & Pharma,9.2,4.47,3.658,9,True
Lightweight Sterile PET Blister Pack,Medical & Pharma,9.26,3.71,3.713,10,True
Eco-Friendly Sterile PET Blister Pack,Medical & Pharma,9.34,4.31,3.605,9,True
Heavy-Duty Sterile PET Blister Pack,Medical & Pharma,8.95,4.3,3.574,9,True
Standard Sterile PET Blister Pack,Medical & Pharma,9.32,3.72,3.545,9,True
Reinforced Sterile PET Blister Pack,Medical & Pharma,8.82,3.92,3.69,10,True
Reinforced Sterile PET Blister Pack,Medical & Pharma,9.3,3.86,4.155,10,True
Heavy-Duty Sterile PET Blister Pack,Medical & Pharma,9.16,3.85,3.9,9,True
Eco-Friendly Sterile PET Blister Pack,Medical & Pharma,9.32,4.6,4.11,9,True
Standard Sterile PET Blister Pack,Medical & Pharma,9.14,3.8,3.512,9,True
Standard Sterile PET Blister Pack,Medical & Pharma,8.66,4.08,3.922,10,True
Lightweight Sterile PET Blister Pack,Medical & Pharma,9.1,4.41,3.558,10,True
Standard Sterile PET Blister Pack,Medical & Pharma,9.24,4.2,3.468,9,True
Standard Sterile PET Blister Pack,Medical & Pharma,9.15,4.37,3.845,9,True
Reinforced Heavy-Duty Oak Pallet,Furniture & Home,8.91,1.9,0.496,2174,False
Reinforced Heavy-Duty Oak Pallet,Furniture & Home,9.22,1.97,0.478,1893,False
Heavy-Duty Heavy-Duty Oak Pallet,Furniture & Home,8.83,2.04,0.513,1871,False
Heavy-Duty Heavy-Duty Oak Pallet,Furniture & Home,9.07,1.87,0.55,2079,False
Standard Heavy-Duty Oak Pallet,Furniture & Home,9.61,1.65,0.51,2038,False
Lightweight Heavy-Duty Oak Pallet,Furniture & Home,8.85,1.65,0.528,2124,False
Standard Heavy-Duty Oak Pallet,Furniture & Home,8.78,1.86,0.497,2066,False
Reinforced Heavy-Duty Oak Pallet,Furniture & Home,8.92,1.8,0.478,2094,False
Heavy-Duty Heavy-Duty Oak Pallet,Furniture & Home,9.55,1.98,0.522,2094,False
Standard Heavy-Duty Oak Pallet,Furniture & Home,9.05,1.92,0.474,1970,False
Reinforced Heavy-Duty Oak Pallet,Furniture & Home,9.08,1.84,0.455,2056,False
Lightweight Heavy-Duty Oak Pallet,Furniture & Home,9.16,1.88,0.486,2113,False
Heavy-Duty Heavy-Duty Oak Pallet,Furniture & Home,9.2,1.92,0.543,2072,False
Lightweight Heavy-Duty Oak Pallet,Furniture & Home,9.24,2.01,0.487,1856,False
Standard Heavy-Duty Oak Pallet,Furniture & Home,9.22,1.73,0.483,2018,False
Reinforced Heavy-Duty Oak Pallet,Furniture & Home,9.49,1.87,0.538,2174,False
Standard Heavy-Duty Oak Pallet,Furniture & Home,9.49,1.77,0.514,2153,False
Heavy-Duty Heavy-Duty Oak Pallet,Furniture & Home,9.47,1.91,0.45,1998,False
Lightweight Heavy-Duty Oak Pallet,Furniture & Home,9.4,1.62,0.541,2086,False
Eco-Friendly Heavy-Duty Oak Pallet,Furniture & Home,8.85,1.72,0.485,1962,False
Eco-Friendly Heavy-Duty Oak Pallet,Furniture & Home,9.11,1.83,0.503,1851,False
Reinforced Heavy-Duty Oak Pallet,Furniture & Home,9.36,1.65,0.509,1973,False
Standard Heavy-Duty Oak Pallet,Furniture & Home,9.07,1.66,0.456,1964,False
Reinforced Heavy-Duty Oak Pallet,Furniture & Home,8.79,1.87,0.461,2152,False
Reinforced Heavy-Duty Oak Pallet,Furniture & Home,9.39,1.72,0.51,2073,False
Heavy-Duty Heavy-Duty Oak Pallet,Furniture & Home,9.05,1.96,0.514,2174,False
Reinforced Heavy-Duty Oak Pallet,Furniture & Home,9.53,1.73,0.453,1801,False
Lightweight Heavy-Duty Oak Pallet,Furniture & Home,8.81,1.84,0.482,2129,False
Standard Heavy-Duty Oak Pallet,Furniture & Home,8.98,1.67,0.468,1923,False
Reinforced Heavy-Duty Oak Pallet,Furniture & Home,8.93,1.63,0.516,2078,False
Standard Heavy-Duty Oak Pallet,Furniture & Home,9.61,1.87,0.537,2122,False
Reinforced Heavy-Duty Oak Pallet,Furniture & Home,9.42,1.91,0.473,2142,False
Heavy-Duty Heavy-Duty Oak Pallet,Furniture & Home,8.86,2.01,0.539,2180,False
Eco-Friendly Heavy-Duty Oak Pallet,Furniture & Home,8.76,1.62,0.528,2159,False
Heavy-Duty Heavy-Duty Oak Pallet,Furniture & Home,9.17,1.68,0.545,2110,False
Eco-Friendly Heavy-Duty Oak Pallet,Furniture & Home,9.55,1.89,0.463,2110,False
Eco-Friendly Heavy-Duty Oak Pallet,Furniture & Home,9.24,2.03,0.486,1841,False
Eco-Friendly Heavy-Duty Oak Pallet,Furniture & Home,9.03,1.87,0.527,1954,False
Eco-Friendly Heavy-Duty Oak Pallet,Furniture & Home,9.66,1.67,0.492,2143,False
Standard Heavy-Duty Oak Pallet,Furniture & Home,8.81,1.86,0.465,2196,False
Reinforced Heavy-Duty Oak Pallet,Furniture & Home,9.58,1.79,0.541,1863,False
Lightweight Heavy-Duty Oak Pallet,Furniture & Home,9.33,1.97,0.511,2022,False
Standard Heavy-Duty Oak Pallet,Furniture & Home,9.58,1.83,0.48,1889,False
Eco-Friendly Heavy-Duty Oak Pallet,Furniture & Home,8.75,1.77,0.534,1976,False
Standard Heavy-Duty Oak Pallet,Furniture & Home,8.96,1.74,0.463,2087,False
Lightweight Heavy-Duty Oak Pallet,Furniture & Home,9.52,1.84,0.542,2037,False
Reinforced Heavy-Duty Oak Pallet,Furniture & Home,9.58,1.8,0.502,2160,False
Eco-Friendly Heavy-Duty Oak Pallet,Furniture & Home,9.05,1.93,0.537,2096,False
Heavy-Duty Heavy-Duty Oak Pallet,Furniture & Home,9.11,1.77,0.539,1872,False
Standard Heavy-Duty Oak Pallet,Furniture & Home,8.96,1.94,0.547,1806,False
Lightweight Reinforced Corrugated Box,Furniture & Home,8.72,1.32,1.055,139,False
Heavy-Duty Reinforced Corrugated Box,Furniture & Home,8.23,1.18,1.025,149,False
Eco-Friendly Reinforced Corrugated Box,Furniture & Home,8.24,1.21,1.095,149,False
Heavy-Duty Reinforced Corrugated Box,Furniture & Home,8.55,1.32,1.05,156,False
Heavy-Duty Reinforced Corrugated Box,Furniture & Home,8.81,1.3,1.147,146,False
Reinforced Reinforced Corrugated Box,Furniture & Home,8.78,1.34,1.019,147,False
Standard Reinforced Corrugated Box,Furniture & Home,8.18,1.25,1.142,147,False
Reinforced Reinforced Corrugated Box,Furniture & Home,8.16,1.18,1.007,142,False
Reinforced Reinforced Corrugated Box,Furniture & Home,8.66,1.13,1.121,136,False
Lightweight Reinforced Corrugated Box,Furniture & Home,8.25,1.18,1.114,163,False
Reinforced Reinforced Corrugated Box,Furniture & Home,8.25,1.12,1.126,139,False
Lightweight Reinforced Corrugated Box,Furniture & Home,8.33,1.09,1.152,135,False
Standard Reinforced Corrugated Box,Furniture & Home,8.35,1.28,1.082,158,False
Heavy-Duty Reinforced Corrugated Box,Furniture & Home,8.88,1.16,1.103,155,False
Standard Reinforced Corrugated Box,Furniture & Home,8.21,1.35,1.09,159,False
Eco-Friendly Reinforced Corrugated Box,Furniture & Home,8.65,1.27,1.034,160,False
Heavy-Duty Reinforced Corrugated Box,Furniture & Home,8.14,1.19,1.085,148,False
Lightweight Reinforced Corrugated Box,Furniture & Home,8.49,1.35,1.184,164,False
Standard Reinforced Corrugated Box,Furniture & Home,8.47,1.33,1.196,147,False
Heavy-Duty Reinforced Corrugated Box,Furniture & Home,8.6,1.29,1.024,157,False
Lightweight Reinforced Corrugated Box,Furniture & Home,8.81,1.25,1.119,161,False
Reinforced Reinforced Corrugated Box,Furniture & Home,8.92,1.26,1.082,156,False
Standard Reinforced Corrugated Box,Furniture & Home,8.1,1.21,1.13,135,False
Heavy-Duty Reinforced Corrugated Box,Furniture & Home,8.81,1.29,1.084,156,False
Lightweight Reinforced Corrugated Box,Furniture & Home,8.39,1.37,1.101,143,False
Reinforced Reinforced Corrugated Box,Furniture & Home,8.54,1.25,1.138,149,False
Eco-Friendly Reinforced Corrugated Box,Furniture & Home,8.77,1.28,0.991,143,False
Standard Reinforced Corrugated Box,Furniture & Home,8.84,1.1,1.014,140,False
Heavy-Duty Reinforced Corrugated Box,Furniture & Home,8.33,1.19,1.159,141,False
Reinforced Reinforced Corrugated Box,Furniture & Home,8.58,1.28,1.132,140,False
Heavy-Duty Reinforced Corrugated Box,Furniture & Home,8.79,1.15,1.126,140,False
Heavy-Duty Reinforced Corrugated Box,Furniture & Home,8.18,1.13,1.099,158,False
Reinforced Reinforced Corrugated Box,Furniture & Home,8.68,1.11,1.186,159,False
Eco-Friendly Reinforced Corrugated Box,Furniture & Home,8.48,1.15,1.12,163,False
Standard Reinforced Corrugated Box,Furniture & Home,8.81,1.19,1.054,146,False
Lightweight Reinforced Corrugated Box,Furniture & Home,8.31,1.13,1.015,146,False
Reinforced Reinforced Corrugated Box,Furniture & Home,8.78,1.29,1.075,160,False
Lightweight Reinforced Corrugated Box,Furniture & Home,8.89,1.12,1.117,137,False
Lightweight Reinforced Corrugated Box,Furniture & Home,8.27,1.15,1.085,135,False
Standard Reinforced Corrugated Box,Furniture & Home,8.58,1.3,1.112,135,False
Reinforced Reinforced Corrugated Box,Furniture & Home,8.65,1.28,1.154,147,False
Reinforced Reinforced Corrugated Box,Furniture & Home,8.25,1.26,1.003,140,False
Standard Reinforced Corrugated Box,Furniture & Home,8.14,1.1,1.181,147,False
Lightweight Reinforced Corrugated Box,Furniture & Home,8.14,1.3,1.17,162,False
Reinforced Reinforced Corrugated Box,Furniture & Home,8.32,1.38,1.048,149,False
Standard Reinforced Corrugated Box,Furniture & Home,8.14,1.13,1.076,164,False
Reinforced Reinforced Corrugated Box,Furniture & Home,8.71,1.23,1.051,145,False
Eco-Friendly Reinforced Corrugated Box,Furniture & Home,8.39,1.23,1.158,148,False
Eco-Friendly Reinforced Corrugated Box,Furniture & Home,8.8,1.34,1.01,160,False
Heavy-Duty Reinforced Corrugated Box,Furniture & Home,8.38,1.27,1.148,143,False
Reinforced Protective Foam Corners,Furniture & Home,8.62,2.74,4.914,541,True
Standard Protective Foam Corners,Furniture & Home,8.84,3.37,4.145,470,True
Eco-Friendly Protective Foam Corners,Furniture & Home,8.72,3.31,4.214,520,True
Eco-Friendly Protective Foam Corners,Furniture & Home,9.17,3.2,4.214,522,True
Eco-Friendly Protective Foam Corners,Furniture & Home,8.63,3.14,4.431,460,True
Lightweight Protective Foam Corners,Furniture & Home,8.67,2.92,4.162,514,True
Eco-Friendly Protective Foam Corners,Furniture & Home,8.88,3.19,4.085,548,True
Eco-Friendly Protective Foam Corners,Furniture & Home,8.75,3.31,4.393,489,True
Reinforced Protective Foam Corners,Furniture & Home,8.38,2.98,4.831,533,True
Reinforced Protective Foam Corners,Furniture & Home,8.82,2.88,4.547,451,True
Reinforced Protective Foam Corners,Furniture & Home,8.82,3.16,4.856,547,True
Eco-Friendly Protective Foam Corners,Furniture & Home,8.89,2.79,4.29,484,True
Reinforced Protective Foam Corners,Furniture & Home,8.49,2.84,4.866,500,True
Eco-Friendly Protective Foam Corners,Furniture & Home,8.62,3.26,4.59,467,True
Eco-Friendly Protective Foam Corners,Furniture & Home,8.86,3.14,4.555,533,True
Standard Protective Foam Corners,Furniture & Home,8.54,3.23,4.503,528,True
Heavy-Duty Protective Foam Corners,Furniture & Home,9.16,3.12,4.093,490,True
Reinforced Protective Foam Corners,Furniture & Home,8.62,2.71,4.748,539,True
Standard Protective Foam Corners,Furniture & Home,8.72,3.4,4.18,537,True
Reinforced Protective Foam Corners,Furniture & Home,9.02,3.04,4.633,479,True
Heavy-Duty Protective Foam Corners,Furniture & Home,9.14,2.7,4.138,479,True
Lightweight Protective Foam Corners,Furniture & Home,8.94,3.2,4.518,546,True
Standard Protective Foam Corners,Furniture & Home,8.39,2.81,4.541,482,True
Standard Protective Foam Corners,Furniture & Home,9.06,3.23,4.067,451,True
Standard Protective Foam Corners,Furniture & Home,8.42,2.8,4.051,502,True
Standard Protective Foam Corners,Furniture & Home,8.98,3.24,4.901,471,True
Standard Protective Foam Corners,Furniture & Home,8.99,2.79,4.565,518,True
Heavy-Duty Protective Foam Corners,Furniture & Home,9.16,3.22,4.314,534,True
Reinforced Protective Foam Corners,Furniture & Home,8.97,3.05,4.093,468,True
Lightweight Protective Foam Corners,Furniture & Home,8.72,3.39,4.274,533,True
Heavy-Duty Protective Foam Corners,Furniture & Home,9.07,3.06,4.288,493,True
Lightweight Protective Foam Corners,Furniture & Home,9.19,2.71,4.29,520,True
Heavy-Duty Protective Foam Corners,Furniture & Home,8.74,2.99,4.752,497,True
Lightweight Protective Foam Corners,Furniture & Home,8.42,2.77,4.816,487,True
Eco-Friendly Protective Foam Corners,Furniture & Home,8.68,3.18,4.224,504,True
Reinforced Protective Foam Corners,Furniture & Home,8.4,2.7,4.228,486,True
Reinforced Protective Foam Corners,Furniture & Home,8.81,2.98,4.29,460,True
Heavy-Duty Protective Foam Corners,Furniture & Home,8.98,3.23,4.285,532,True
Reinforced Protective Foam Corners,Furniture & Home,8.97,2.92,4.347,454,True
Heavy-Duty Protective Foam Corners,Furniture & Home,8.68,3.13,4.867,451,True
Eco-Friendly Protective Foam Corners,Furniture & Home,9.05,3.35,4.199,532,True
Heavy-Duty Protective Foam Corners,Furniture & Home,8.57,2.76,4.922,495,True
Reinforced Protective Foam Corners,Furniture & Home,8.54,3.09,4.504,507,True
Standard Protective Foam Corners,Furniture & Home,8.71,3.26,4.303,485,True
Heavy-Duty Protective Foam Corners,Furniture & Home,9.04,3.14,4.771,518,True
Heavy-Duty Protective Foam Corners,Furniture & Home,8.75,3.34,4.172,494,True
Eco-Friendly Protective Foam Corners,Furniture & Home,8.96,3.44,4.851,451,True
Heavy-Duty Protective Foam Corners,Furniture & Home,8.98,3.27,4.097,466,True
Reinforced Protective Foam Corners,Furniture & Home,9.21,3.21,4.379,454,True
Reinforced Protective Foam Corners,Furniture & Home,8.6,3.18,4.516,498,True
Standard Industrial Steel Drum,Automotive & Industrial,10.0,2.38,8.165,1020,True
Lightweight Industrial Steel Drum,Automotive & Industrial,9.51,2.7,8.133,1052,True
Heavy-Duty Industrial Steel Drum,Automotive & Industrial,9.43,2.72,8.37,900,True
Reinforced Industrial Steel Drum,Automotive & Industrial,9.89,2.42,8.041,1080,True
Eco-Friendly Industrial Steel Drum,Automotive & Industrial,9.78,2.83,7.199,1037,True
Eco-Friendly Industrial Steel Drum,Automotive & Industrial,10.0,2.71,8.488,1031,True
Lightweight Industrial Steel Drum,Automotive & Industrial,9.51,2.83,7.711,936,True
Eco-Friendly Industrial Steel Drum,Automotive & Industrial,10.0,2.63,8.276,1099,True
Reinforced Industrial Steel Drum,Automotive & Industrial,9.84,2.5,7.516,1029,True
Eco-Friendly Industrial Steel Drum,Automotive & Industrial,9.63,2.78,7.41,920,True
Heavy-Duty Industrial Steel Drum,Automotive & Industrial,10.0,2.25,7.506,996,True
Lightweight Industrial Steel Drum,Automotive & Industrial,9.72,2.66,7.26,1082,True
Standard Industrial Steel Drum,Automotive & Industrial,10.0,2.66,8.522,975,True
Eco-Friendly Industrial Steel Drum,Automotive & Industrial,9.95,2.61,7.923,905,True
Eco-Friendly Industrial Steel Drum,Automotive & Industrial,9.45,2.55,8.114,1039,True
Eco-Friendly Industrial Steel Drum,Automotive & Industrial,9.44,2.39,8.344,1020,True
Reinforced Industrial Steel Drum,Automotive & Industrial,10.0,2.61,7.509,1032,True
Reinforced Industrial Steel Drum,Automotive & Industrial,10.0,2.57,7.325,1055,True
Reinforced Industrial Steel Drum,Automotive & Industrial,9.53,2.69,7.075,1065,True
Standard Industrial Steel Drum,Automotive & Industrial,9.51,2.82,8.279,1037,True
Lightweight Industrial Steel Drum,Automotive & Industrial,10.0,2.76,7.668,1098,True
Heavy-Duty Industrial Steel Drum,Automotive & Industrial,9.83,2.65,7.883,1019,True
Eco-Friendly Industrial Steel Drum,Automotive & Industrial,9.64,2.42,8.516,906,True
Heavy-Duty Industrial Steel Drum,Automotive & Industrial,9.81,2.56,8.267,928,True
Lightweight Industrial Steel Drum,Automotive & Industrial,9.73,2.82,8.355,1095,True
Standard Industrial Steel Drum,Automotive & Industrial,10.0,2.74,8.054,1077,True
Heavy-Duty Industrial Steel Drum,Automotive & Industrial,9.45,2.56,8.462,1046,True
Reinforced Industrial Steel Drum,Automotive & Industrial,10.0,2.56,8.38,1022,True
Standard Industrial Steel Drum,Automotive & Industrial,10.0,2.64,7.523,907,True
Standard Industrial Steel Drum,Automotive & Industrial,10.0,2.7,7.873,1073,True
Lightweight Industrial Steel Drum,Automotive & Industrial,10.0,2.82,7.421,1064,True
Heavy-Duty Industrial Steel Drum,Automotive & Industrial,10.0,2.32,7.894,1094,True
Standard Industrial Steel Drum,Automotive & Industrial,10.0,2.45,7.13,973,True
Lightweight Industrial Steel Drum,Automotive & Industrial,9.52,2.79,7.866,973,True
Eco-Friendly Industrial Steel Drum,Automotive & Industrial,10.0,2.59,8.5,908,True
Eco-Friendly Industrial Steel Drum,Automotive & Industrial,9.45,2.51,7.102,920,True
Standard Industrial Steel Drum,Automotive & Industrial,9.88,2.39,8.433,961,True
Lightweight Industrial Steel Drum,Automotive & Industrial,9.46,2.75,7.963,1020,True
Standard Industrial Steel Drum,Automotive & Industrial,9.73,2.3,7.565,1054,True
Reinforced Industrial Steel Drum,Automotive & Industrial,9.58,2.26,7.601,1032,True
Standard Industrial Steel Drum,Automotive & Industrial,10.0,2.4,7.148,1058,True
Heavy-Duty Industrial Steel Drum,Automotive & Industrial,10.0,2.5,7.37,900,True
Standard Industrial Steel Drum,Automotive & Industrial,10.0,2.5,8.445,977,True
Lightweight Industrial Steel Drum,Automotive & Industrial,10.0,2.81,7.712,900,True
Heavy-Duty Industrial Steel Drum,Automotive & Industrial,10.0,2.74,7.497,909,True
Standard Industrial Steel Drum,Automotive & Industrial,10.0,2.69,7.487,921,True
Lightweight Industrial Steel Drum,Automotive & Industrial,10.0,2.48,7.193,1019,True
Heavy-Duty Industrial Steel Drum,Automotive & Industrial,9.56,2.72,7.487,1032,True
Reinforced Industrial Steel Drum,Automotive & Industrial,10.0,2.75,7.508,1074,True
Lightweight Industrial Steel Drum,Automotive & Industrial,10.0,2.33,8.034,1024,True
Reinforced Hardened Plastic Crate,Automotive & Industrial,9.56,2.25,4.618,842,True
Reinforced Hardened Plastic Crate,Automotive & Industrial,9.79,1.9,4.068,800,True
Heavy-Duty Hardened Plastic Crate,Automotive & Industrial,9.7,2.12,4.069,723,True
Eco-Friendly Hardened Plastic Crate,Automotive & Industrial,9.03,2.3,3.932,852,True
Reinforced Hardened Plastic Crate,Automotive & Industrial,9.06,2.29,4.093,741,True
Heavy-Duty Hardened Plastic Crate,Automotive & Industrial,9.25,2.21,4.413,860,True
Standard Hardened Plastic Crate,Automotive & Industrial,9.24,2.33,4.173,751,True
Eco-Friendly Hardened Plastic Crate,Automotive & Industrial,9.62,1.93,4.365,832,True
Standard Hardened Plastic Crate,Automotive & Industrial,9.33,2.36,4.335,729,True
Heavy-Duty Hardened Plastic Crate,Automotive & Industrial,9.15,1.91,3.887,810,True
Eco-Friendly Hardened Plastic Crate,Automotive & Industrial,9.22,2.05,3.905,836,True
Eco-Friendly Hardened Plastic Crate,Automotive & Industrial,9.49,2.31,4.094,816,True
Eco-Friendly Hardened Plastic Crate,Automotive & Industrial,9.55,2.26,4.272,801,True
Lightweight Hardened Plastic Crate,Automotive & Industrial,9.59,2.28,4.223,819,True
Standard Hardened Plastic Crate,Automotive & Industrial,9.64,2.32,4.148,774,True
Lightweight Hardened Plastic Crate,Automotive & Industrial,9.0,2.37,4.354,763,True
Reinforced Hardened Plastic Crate,Automotive & Industrial,9.4,1.99,4.575,757,True
Lightweight Hardened Plastic Crate,Automotive & Industrial,9.21,1.99,3.941,796,True
Standard Hardened Plastic Crate,Automotive & Industrial,9.22,1.98,3.834,837,True
Eco-Friendly Hardened Plastic Crate,Automotive & Industrial,8.99,2.41,4.272,829,True
Lightweight Hardened Plastic Crate,Automotive & Industrial,9.49,1.89,3.939,866,True
Eco-Friendly Hardened Plastic Crate,Automotive & Industrial,8.97,2.22,4.215,871,True
Lightweight Hardened Plastic Crate,Automotive & Industrial,9.56,2.29,4.541,879,True
Heavy-Duty Hardened Plastic Crate,Automotive & Industrial,8.99,1.93,4.422,824,True
Heavy-Duty Hardened Plastic Crate,Automotive & Industrial,9.12,2.13,4.341,789,True
Eco-Friendly Hardened Plastic Crate,Automotive & Industrial,9.06,2.22,4.324,823,True
Reinforced Hardened Plastic Crate,Automotive & Industrial,9.51,2.0,4.04,742,True
Lightweight Hardened Plastic Crate,Automotive & Industrial,9.65,2.2,4.387,731,True
Lightweight Hardened Plastic Crate,Automotive & Industrial,9.07,2.1,3.872,825,True
Reinforced Hardened Plastic Crate,Automotive & Industrial,9.82,2.32,4.064,786,True
Eco-Friendly Hardened Plastic Crate,Automotive & Industrial,9.26,2.34,3.996,742,True
Lightweight Hardened Plastic Crate,Automotive & Industrial,9.67,1.96,3.882,744,True
Reinforced Hardened Plastic Crate,Automotive & Industrial,9.2,2.16,4.206,798,True
Standard Hardened Plastic Crate,Automotive & Industrial,9.43,2.34,4.238,854,True
Eco-Friendly Hardened Plastic Crate,Automotive & Industrial,9.37,2.08,4.318,773,True
Heavy-Duty Hardened Plastic Crate,Automotive & Industrial,9.47,2.15,4.576,741,True
Heavy-Duty Hardened Plastic Crate,Automotive & Industrial,9.72,1.99,3.839,750,True
Eco-Friendly Hardened Plastic Crate,Automotive & Industrial,9.29,2.04,4.062,836,True
Reinforced Hardened Plastic Crate,Automotive & Industrial,9.3,2.19,3.806,721,True
Reinforced Hardened Plastic Crate,Automotive & Industrial,9.37,1.89,4.463,789,True
Eco-Friendly Hardened Plastic Crate,Automotive & Industrial,9.83,2.12,4.588,873,True
Standard Hardened Plastic Crate,Automotive & Industrial,9.25,1.98,4.573,842,True
Heavy-Duty Hardened Plastic Crate,Automotive & Industrial,8.98,1.98,4.081,863,True
Heavy-Duty Hardened Plastic Crate,Automotive & Industrial,8.98,2.2,3.78,742,True
Reinforced Hardened Plastic Crate,Automotive & Industrial,9.28,2.23,4.282,879,True
Standard Hardened Plastic Crate,Automotive & Industrial,9.44,2.09,4.169,868,True
Heavy-Duty Hardened Plastic Crate,Automotive & Industrial,9.12,1.98,3.899,725,True
Eco-Friendly Hardened Plastic Crate,Automotive & Industrial,9.68,2.05,4.127,858,True
Reinforced Hardened Plastic Crate,Automotive & Industrial,9.21,2.19,4.519,784,True
Standard Hardened Plastic Crate,Automotive & Industrial,9.18,2.21,4.375,721,True
Eco-Friendly Oil-Resistant FlexBag,Automotive & Industrial,8.95,3.57,5.562,52,True
Standard Oil-Resistant FlexBag,Automotive & Industrial,8.29,3.9,5.511,45,True
Heavy-Duty Oil-Resistant FlexBag,Automotive & Industrial,8.96,4.14,4.805,47,True
Heavy-Duty Oil-Resistant FlexBag,Automotive & Industrial,8.5,4.13,4.64,53,True
Eco-Friendly Oil-Resistant FlexBag,Automotive & Industrial,8.69,4.09,4.978,49,True
Reinforced Oil-Resistant FlexBag,Automotive & Industrial,8.41,3.6,5.087,51,True
Heavy-Duty Oil-Resistant FlexBag,Automotive & Industrial,8.48,3.58,5.116,45,True
Heavy-Duty Oil-Resistant FlexBag,Automotive & Industrial,9.01,4.36,5.258,45,True
Lightweight Oil-Resistant FlexBag,Automotive & Industrial,8.79,4.03,5.036,45,True
Standard Oil-Resistant FlexBag,Automotive & Industrial,8.45,3.5,5.203,46,True
Lightweight Oil-Resistant FlexBag,Automotive & Industrial,8.61,4.32,4.926,51,True
Eco-Friendly Oil-Resistant FlexBag,Automotive & Industrial,8.92,3.96,4.652,52,True
Heavy-Duty Oil-Resistant FlexBag,Automotive & Industrial,8.78,3.54,5.095,48,True
Lightweight Oil-Resistant FlexBag,Automotive & Industrial,9.03,3.99,5.176,51,True
Heavy-Duty Oil-Resistant FlexBag,Automotive & Industrial,8.42,4.34,4.726,54,True
Standard Oil-Resistant FlexBag,Automotive & Industrial,8.5,3.96,5.412,48,True
Standard Oil-Resistant FlexBag,Automotive & Industrial,8.66,3.51,4.988,48,True
Heavy-Duty Oil-Resistant FlexBag,Automotive & Industrial,9.09,4.27,5.254,53,True
Reinforced Oil-Resistant FlexBag,Automotive & Industrial,8.53,3.44,5.301,52,True
Eco-Friendly Oil-Resistant FlexBag,Automotive & Industrial,8.98,3.64,5.272,52,True
Heavy-Duty Oil-Resistant FlexBag,Automotive & Industrial,8.62,3.74,4.8,54,True
Standard Oil-Resistant FlexBag,Automotive & Industrial,8.3,4.06,5.126,53,True
Eco-Friendly Oil-Resistant FlexBag,Automotive & Industrial,9.09,3.42,4.959,54,True
Lightweight Oil-Resistant FlexBag,Automotive & Industrial,8.49,3.66,4.844,50,True
Standard Oil-Resistant FlexBag,Automotive & Industrial,8.46,3.84,4.884,45,True
Eco-Friendly Oil-Resistant FlexBag,Automotive & Industrial,8.27,4.19,4.62,45,True
Standard Oil-Resistant FlexBag,Automotive & Industrial,8.96,3.63,4.945,48,True
Standard Oil-Resistant FlexBag,Automotive & Industrial,8.45,3.88,4.878,52,True
Standard Oil-Resistant FlexBag,Automotive & Industrial,8.34,4.06,4.947,53,True
Lightweight Oil-Resistant FlexBag,Automotive & Industrial,8.66,3.58,5.268,52,True
Standard Oil-Resistant FlexBag,Automotive & Industrial,8.81,4.31,5.595,54,True
Standard Oil-Resistant FlexBag,Automotive & Industrial,8.82,3.96,5.303,52,True
Heavy-Duty Oil-Resistant FlexBag,Automotive & Industrial,8.62,3.81,5.354,49,True
Eco-Friendly Oil-Resistant FlexBag,Automotive & Industrial,8.92,3.71,5.563,49,True
Heavy-Duty Oil-Resistant FlexBag,Automotive & Industrial,9.01,4.26,5.266,48,True
Standard Oil-Resistant FlexBag,Automotive & Industrial,8.65,3.49,4.71,50,True
Standard Oil-Resistant FlexBag,Automotive & Industrial,8.34,3.84,5.169,48,True
Standard Oil-Resistant FlexBag,Automotive & Industrial,8.84,4.23,5.316,53,True
Eco-Friendly Oil-Resistant FlexBag,Automotive & Industrial,8.74,4.04,5.341,54,True
Lightweight Oil-Resistant FlexBag,Automotive & Industrial,8.87,3.84,4.831,49,True
Eco-Friendly Oil-Resistant FlexBag,Automotive & Industrial,8.56,3.68,5.018,54,True
Reinforced Oil-Resistant FlexBag,Automotive & Industrial,8.72,4.0,5.58,47,True
Reinforced Oil-Resistant FlexBag,Automotive & Industrial,8.61,3.45,5.233,49,True
Eco-Friendly Oil-Resistant FlexBag,Automotive & Industrial,8.69,3.92,5.504,51,True
Eco-Friendly Oil-Resistant FlexBag,Automotive & Industrial,8.58,4.16,5.3,46,True
Eco-Friendly Oil-Resistant FlexBag,Automotive & Industrial,8.34,3.67,5.41,46,True
Standard Oil-Resistant FlexBag,Automotive & Industrial,8.4,3.52,5.6,47,True
Heavy-Duty Oil-Resistant FlexBag,Automotive & Industrial,8.66,4.04,5.131,54,True
Reinforced Oil-Resistant FlexBag,Automotive & Industrial,8.71,4.14,5.51,47,True
Lightweight Oil-Resistant FlexBag,Automotive & Industrial,8.5,3.51,4.967,45,True
Standard Recycled Kraft Mailer,Fashion & Luxury,9.12,0.87,0.555,4,False
Eco-Friendly Recycled Kraft Mailer,Fashion & Luxury,9.36,0.79,0.578,5,False
Eco-Friendly Recycled Kraft Mailer,Fashion & Luxury,9.15,0.78,0.63,5,False
Heavy-Duty Recycled Kraft Mailer,Fashion & Luxury,9.13,0.84,0.632,5,False
Eco-Friendly Recycled Kraft Mailer,Fashion & Luxury,9.06,0.88,0.614,5,False
Eco-Friendly Recycled Kraft Mailer,Fashion & Luxury,9.29,0.79,0.629,4,False
Reinforced Recycled Kraft Mailer,Fashion & Luxury,8.84,0.8,0.59,5,False
Reinforced Recycled Kraft Mailer,Fashion & Luxury,8.78,0.82,0.642,5,False
Heavy-Duty Recycled Kraft Mailer,Fashion & Luxury,8.81,0.73,0.575,4,False
Heavy-Duty Recycled Kraft Mailer,Fashion & Luxury,8.78,0.78,0.643,4,False
Heavy-Duty Recycled Kraft Mailer,Fashion & Luxury,8.79,0.83,0.623,5,False
Reinforced Recycled Kraft Mailer,Fashion & Luxury,8.86,0.78,0.585,4,False
Lightweight Recycled Kraft Mailer,Fashion & Luxury,8.58,0.78,0.648,5,False
Standard Recycled Kraft Mailer,Fashion & Luxury,8.64,0.88,0.587,5,False
Standard Recycled Kraft Mailer,Fashion & Luxury,8.58,0.72,0.621,5,False
Lightweight Recycled Kraft Mailer,Fashion & Luxury,9.21,0.76,0.63,4,False
Reinforced Recycled Kraft Mailer,Fashion & Luxury,8.58,0.79,0.611,5,False
Heavy-Duty Recycled Kraft Mailer,Fashion & Luxury,8.84,0.9,0.653,5,False
Lightweight Recycled Kraft Mailer,Fashion & Luxury,8.69,0.84,0.656,4,False
Standard Recycled Kraft Mailer,Fashion & Luxury,9.27,0.87,0.654,4,False
Standard Recycled Kraft Mailer,Fashion & Luxury,9.09,0.92,0.655,4,False
Eco-Friendly Recycled Kraft Mailer,Fashion & Luxury,9.31,0.81,0.63,5,False
Reinforced Recycled Kraft Mailer,Fashion & Luxury,9.04,0.77,0.651,5,False
Standard Recycled Kraft Mailer,Fashion & Luxury,8.58,0.76,0.554,5,False
Standard Recycled Kraft Mailer,Fashion & Luxury,8.59,0.82,0.657,5,False
Reinforced Recycled Kraft Mailer,Fashion & Luxury,8.77,0.89,0.562,4,False
Standard Recycled Kraft Mailer,Fashion & Luxury,9.17,0.77,0.571,4,False
Eco-Friendly Recycled Kraft Mailer,Fashion & Luxury,8.71,0.85,0.613,5,False
Standard Recycled Kraft Mailer,Fashion & Luxury,9.31,0.75,0.611,5,False
Standard Recycled Kraft Mailer,Fashion & Luxury,9.33,0.74,0.541,5,False
Eco-Friendly Recycled Kraft Mailer,Fashion & Luxury,9.07,0.86,0.62,4,False
Reinforced Recycled Kraft Mailer,Fashion & Luxury,9.08,0.91,0.551,4,False
Reinforced Recycled Kraft Mailer,Fashion & Luxury,9.19,0.74,0.638,5,False
Reinforced Recycled Kraft Mailer,Fashion & Luxury,8.9,0.79,0.624,5,False
Lightweight Recycled Kraft Mailer,Fashion & Luxury,8.97,0.8,0.586,5,False
Heavy-Duty Recycled Kraft Mailer,Fashion & Luxury,9.2,0.74,0.597,5,False
Lightweight Recycled Kraft Mailer,Fashion & Luxury,9.02,0.74,0.6,5,False
Eco-Friendly Recycled Kraft Mailer,Fashion & Luxury,8.9,0.88,0.561,4,False
Heavy-Duty Recycled Kraft Mailer,Fashion & Luxury,9.19,0.75,0.586,5,False
Eco-Friendly Recycled Kraft Mailer,Fashion & Luxury,9.3,0.79,0.606,4,False
Standard Recycled Kraft Mailer,Fashion & Luxury,9.25,0.87,0.586,5,False
Heavy-Duty Recycled Kraft Mailer,Fashion & Luxury,9.2,0.76,0.58,5,False
Reinforced Recycled Kraft Mailer,Fashion & Luxury,8.93,0.89,0.561,5,False
Eco-Friendly Recycled Kraft Mailer,Fashion & Luxury,9.38,0.75,0.635,5,False
Reinforced Recycled Kraft Mailer,Fashion & Luxury,8.68,0.75,0.592,5,False
Standard Recycled Kraft Mailer,Fashion & Luxury,9.01,0.85,0.601,4,False
Reinforced Recycled Kraft Mailer,Fashion & Luxury,9.14,0.79,0.549,5,False
Standard Recycled Kraft Mailer,Fashion & Luxury,9.0,0.84,0.599,5,False
Reinforced Recycled Kraft Mailer,Fashion & Luxury,8.73,0.72,0.557,4,False
Standard Recycled Kraft Mailer,Fashion & Luxury,9.4,0.86,0.566,4,False
Lightweight Compostable Poly Bag,Fashion & Luxury,9.82,1.53,1.264,7,True
Lightweight Compostable Poly Bag,Fashion & Luxury,9.51,1.42,1.274,8,True
Heavy-Duty Compostable Poly Bag,Fashion & Luxury,9.07,1.43,1.299,8,True
Lightweight Compostable Poly Bag,Fashion & Luxury,9.18,1.52,1.232,8,True
Lightweight Compostable Poly Bag,Fashion & Luxury,9.13,1.48,1.233,8,True
Eco-Friendly Compostable Poly Bag,Fashion & Luxury,9.81,1.54,1.258,7,True
Standard Compostable Poly Bag,Fashion & Luxury,9.69,1.67,1.102,7,True
Reinforced Compostable Poly Bag,Fashion & Luxury,9.27,1.58,1.258,7,True
Eco-Friendly Compostable Poly Bag,Fashion & Luxury,9.29,1.42,1.258,7,True
Reinforced Compostable Poly Bag,Fashion & Luxury,9.77,1.54,1.131,8,True
Lightweight Compostable Poly Bag,Fashion & Luxury,9.84,1.6,1.226,8,True
Lightweight Compostable Poly Bag,Fashion & Luxury,9.3,1.41,1.14,7,True
Heavy-Duty Compostable Poly Bag,Fashion & Luxury,9.83,1.48,1.319,8,True
Eco-Friendly Compostable Poly Bag,Fashion & Luxury,9.6,1.58,1.283,8,True
Standard Compostable Poly Bag,Fashion & Luxury,9.46,1.61,1.266,7,True
Reinforced Compostable Poly Bag,Fashion & Luxury,9.24,1.56,1.115,8,True
Standard Compostable Poly Bag,Fashion & Luxury,9.77,1.63,1.251,7,True
Reinforced Compostable Poly Bag,Fashion & Luxury,9.36,1.69,1.097,7,True
Standard Compostable Poly Bag,Fashion & Luxury,9.04,1.69,1.117,8,True
Standard Compostable Poly Bag,Fashion & Luxury,9.5,1.52,1.259,8,True
Heavy-Duty Compostable Poly Bag,Fashion & Luxury,9.75,1.49,1.265,8,True
Heavy-Duty Compostable Poly Bag,Fashion & Luxury,9.46,1.65,1.264,7,True
Eco-Friendly Compostable Poly Bag,Fashion & Luxury,9.23,1.65,1.117,7,True
Reinforced Compostable Poly Bag,Fashion & Luxury,9.12,1.68,1.263,7,True
Reinforced Compostable Poly Bag,Fashion & Luxury,9.74,1.37,1.104,8,True
Eco-Friendly Compostable Poly Bag,Fashion & Luxury,9.26,1.49,1.228,7,True
Standard Compostable Poly Bag,Fashion & Luxury,9.26,1.4,1.157,8,True
Eco-Friendly Compostable Poly Bag,Fashion & Luxury,9.48,1.4,1.205,8,True
Reinforced Compostable Poly Bag,Fashion & Luxury,9.26,1.48,1.288,7,True
Heavy-Duty Compostable Poly Bag,Fashion & Luxury,9.79,1.59,1.185,7,True
Heavy-Duty Compostable Poly Bag,Fashion & Luxury,9.93,1.71,1.284,8,True
Heavy-Duty Compostable Poly Bag,Fashion & Luxury,9.37,1.42,1.313,7,True
Eco-Friendly Compostable Poly Bag,Fashion & Luxury,9.66,1.51,1.221,7,True
Heavy-Duty Compostable Poly Bag,Fashion & Luxury,9.29,1.64,1.159,7,True
Heavy-Duty Compostable Poly Bag,Fashion & Luxury,9.52,1.56,1.22,7,True
Standard Compostable Poly Bag,Fashion & Luxury,9.28,1.41,1.144,8,True
Eco-Friendly Compostable Poly Bag,Fashion & Luxury,9.85,1.62,1.31,7,True
Lightweight Compostable Poly Bag,Fashion & Luxury,9.57,1.43,1.318,7,True
Heavy-Duty Compostable Poly Bag,Fashion & Luxury,9.86,1.48,1.103,7,True
Reinforced Compostable Poly Bag,Fashion & Luxury,9.67,1.62,1.186,8,True
Reinforced Compostable Poly Bag,Fashion & Luxury,9.07,1.37,1.112,8,True
Reinforced Compostable Poly Bag,Fashion & Luxury,9.77,1.57,1.102,8,True
Standard Compostable Poly Bag,Fashion & Luxury,9.61,1.58,1.229,7,True
Standard Compostable Poly Bag,Fashion & Luxury,9.72,1.49,1.222,7,True
Standard Compostable Poly Bag,Fashion & Luxury,9.05,1.53,1.189,7,True
Heavy-Duty Compostable Poly Bag,Fashion & Luxury,9.33,1.7,1.257,7,True
Standard Compostable Poly Bag,Fashion & Luxury,9.07,1.43,1.112,7,True
Lightweight Compostable Poly Bag,Fashion & Luxury,9.31,1.71,1.125,8,True
Lightweight Compostable Poly Bag,Fashion & Luxury,9.21,1.69,1.145,7,True
Eco-Friendly Compostable Poly Bag,Fashion & Luxury,9.97,1.58,1.199,8,True
Reinforced Premium Rigid Gift Box,Fashion & Luxury,8.92,2.86,1.509,15,False
Standard Premium Rigid Gift Box,Fashion & Luxury,8.14,2.68,1.448,15,False
Eco-Friendly Premium Rigid Gift Box,Fashion & Luxury,8.08,2.53,1.46,16,False
Reinforced Premium Rigid Gift Box,Fashion & Luxury,8.3,2.46,1.599,13,False
Eco-Friendly Premium Rigid Gift Box,Fashion & Luxury,8.39,2.4,1.547,15,False
Reinforced Premium Rigid Gift Box,Fashion & Luxury,8.8,2.57,1.456,14,False
Heavy-Duty Premium Rigid Gift Box,Fashion & Luxury,8.16,2.41,1.519,16,False
Standard Premium Rigid Gift Box,Fashion & Luxury,8.84,2.78,1.523,14,False
Lightweight Premium Rigid Gift Box,Fashion & Luxury,8.66,2.51,1.357,14,False
Eco-Friendly Premium Rigid Gift Box,Fashion & Luxury,8.74,2.49,1.575,13,False
Heavy-Duty Premium Rigid Gift Box,Fashion & Luxury,8.88,2.82,1.568,14,False
Standard Premium Rigid Gift Box,Fashion & Luxury,8.8,2.26,1.418,14,False
Lightweight Premium Rigid Gift Box,Fashion & Luxury,8.39,2.27,1.507,14,False
Reinforced Premium Rigid Gift Box,Fashion & Luxury,8.55,2.87,1.551,14,False
Heavy-Duty Premium Rigid Gift Box,Fashion & Luxury,8.54,2.36,1.391,14,False
Standard Premium Rigid Gift Box,Fashion & Luxury,8.78,2.67,1.621,15,False
Reinforced Premium Rigid Gift Box,Fashion & Luxury,8.38,2.82,1.479,15,False
Standard Premium Rigid Gift Box,Fashion & Luxury,8.7,2.72,1.465,15,False
Eco-Friendly Premium Rigid Gift Box,Fashion & Luxury,8.82,2.32,1.529,14,False
Lightweight Premium Rigid Gift Box,Fashion & Luxury,8.63,2.79,1.517,15,False
Lightweight Premium Rigid Gift Box,Fashion & Luxury,8.84,2.47,1.593,15,False
Eco-Friendly Premium Rigid Gift Box,Fashion & Luxury,8.18,2.39,1.448,14,False
Reinforced Premium Rigid Gift Box,Fashion & Luxury,8.3,2.4,1.5,15,False
Standard Premium Rigid Gift Box,Fashion & Luxury,8.36,2.8,1.423,14,False
Lightweight Premium Rigid Gift Box,Fashion & Luxury,8.49,2.63,1.401,13,False
Reinforced Premium Rigid Gift Box,Fashion & Luxury,8.3,2.36,1.387,13,False
Eco-Friendly Premium Rigid Gift Box,Fashion & Luxury,8.79,2.87,1.585,15,False
Reinforced Premium Rigid Gift Box,Fashion & Luxury,8.44,2.59,1.45,16,False
Lightweight Premium Rigid Gift Box,Fashion & Luxury,8.23,2.74,1.641,14,False
Standard Premium Rigid Gift Box,Fashion & Luxury,8.38,2.58,1.492,14,False
Eco-Friendly Premium Rigid Gift Box,Fashion & Luxury,8.58,2.62,1.387,15,False
Lightweight Premium Rigid Gift Box,Fashion & Luxury,8.2,2.39,1.628,15,False
Heavy-Duty Premium Rigid Gift Box,Fashion & Luxury,8.75,2.69,1.494,14,False
Heavy-Duty Premium Rigid Gift Box,Fashion & Luxury,8.15,2.8,1.596,14,False
Standard Premium Rigid Gift Box,Fashion & Luxury,8.88,2.68,1.418,15,False
Standard Premium Rigid Gift Box,Fashion & Luxury,8.67,2.75,1.398,14,False
Standard Premium Rigid Gift Box,Fashion & Luxury,8.38,2.63,1.438,15,False
Eco-Friendly Premium Rigid Gift Box,Fashion & Luxury,8.57,2.65,1.394,13,False
Reinforced Premium Rigid Gift Box,Fashion & Luxury,8.88,2.64,1.434,15,False
Heavy-Duty Premium Rigid Gift Box,Fashion & Luxury,8.53,2.37,1.442,14,False
Reinforced Premium Rigid Gift Box,Fashion & Luxury,8.88,2.66,1.532,13,False
Standard Premium Rigid Gift Box,Fashion & Luxury,8.32,2.77,1.374,15,False
Reinforced Premium Rigid Gift Box,Fashion & Luxury,8.71,2.86,1.65,14,False
Standard Premium Rigid Gift Box,Fashion & Luxury,8.13,2.43,1.491,14,False
Heavy-Duty Premium Rigid Gift Box,Fashion & Luxury,8.49,2.82,1.514,14,False
Eco-Friendly Premium Rigid Gift Box,Fashion & Luxury,8.24,2.78,1.386,16,False
Lightweight Premium Rigid Gift Box,Fashion & Luxury,8.28,2.66,1.462,13,False
Lightweight Premium Rigid Gift Box,Fashion & Luxury,8.76,2.41,1.415,14,False
Lightweight Premium Rigid Gift Box,Fashion & Luxury,8.43,2.41,1.581,15,False
Heavy-Duty Premium Rigid Gift Box,Fashion & Luxury,8.25,2.63,1.417,16,False
Eco-Friendly HDPE Jerry Can,Chemicals & Hazmat,9.57,1.73,2.554,92,True
Eco-Friendly HDPE Jerry Can,Chemicals & Hazmat,9.89,1.89,3.029,109,True
Eco-Friendly HDPE Jerry Can,Chemicals & Hazmat,10.0,2.09,2.892,103,True
Lightweight HDPE Jerry Can,Chemicals & Hazmat,9.47,1.74,3.025,103,True
Eco-Friendly HDPE Jerry Can,Chemicals & Hazmat,9.53,1.98,2.645,101,True
Heavy-Duty HDPE Jerry Can,Chemicals & Hazmat,9.91,2.15,2.717,100,True
Eco-Friendly HDPE Jerry Can,Chemicals & Hazmat,9.86,1.84,2.803,97,True
Lightweight HDPE Jerry Can,Chemicals & Hazmat,9.32,2.15,3.023,94,True
Heavy-Duty HDPE Jerry Can,Chemicals & Hazmat,9.88,2.1,2.765,95,True
Reinforced HDPE Jerry Can,Chemicals & Hazmat,9.4,1.99,2.636,94,True
Lightweight HDPE Jerry Can,Chemicals & Hazmat,10.0,1.79,2.929,91,True
Heavy-Duty HDPE Jerry Can,Chemicals & Hazmat,10.0,2.1,3.076,104,True
Standard HDPE Jerry Can,Chemicals & Hazmat,9.84,2.0,2.571,92,True
Lightweight HDPE Jerry Can,Chemicals & Hazmat,9.89,2.18,2.548,99,True
Eco-Friendly HDPE Jerry Can,Chemicals & Hazmat,10.0,1.84,2.657,99,True
Lightweight HDPE Jerry Can,Chemicals & Hazmat,10.0,1.99,3.049,96,True
Standard HDPE Jerry Can,Chemicals & Hazmat,9.92,1.74,2.703,90,True
Eco-Friendly HDPE Jerry Can,Chemicals & Hazmat,10.0,1.84,2.979,101,True
Lightweight HDPE Jerry Can,Chemicals & Hazmat,9.33,2.17,2.625,103,True
Lightweight HDPE Jerry Can,Chemicals & Hazmat,9.69,1.98,2.557,94,True
Eco-Friendly HDPE Jerry Can,Chemicals & Hazmat,9.66,1.79,2.748,103,True
Eco-Friendly HDPE Jerry Can,Chemicals & Hazmat,10.0,2.17,2.718,103,True
Eco-Friendly HDPE Jerry Can,Chemicals & Hazmat,9.52,1.9,2.875,90,True
Standard HDPE Jerry Can,Chemicals & Hazmat,9.54,1.98,2.814,98,True
Heavy-Duty HDPE Jerry Can,Chemicals & Hazmat,10.0,1.98,3.05,101,True
Lightweight HDPE Jerry Can,Chemicals & Hazmat,9.32,1.83,2.723,91,True
Lightweight HDPE Jerry Can,Chemicals & Hazmat,9.49,2.16,2.52,104,True
Eco-Friendly HDPE Jerry Can,Chemicals & Hazmat,10.0,1.81,2.596,90,True
Eco-Friendly HDPE Jerry Can,Chemicals & Hazmat,9.38,2.08,2.787,109,True
Heavy-Duty HDPE Jerry Can,Chemicals & Hazmat,9.8,1.79,2.988,92,True
Lightweight HDPE Jerry Can,Chemicals & Hazmat,10.0,2.13,2.625,90,True
Standard HDPE Jerry Can,Chemicals & Hazmat,10.0,2.02,2.929,102,True
Standard HDPE Jerry Can,Chemicals & Hazmat,10.0,1.83,2.852,101,True
Reinforced HDPE Jerry Can,Chemicals & Hazmat,9.99,1.77,2.748,108,True
Eco-Friendly HDPE Jerry Can,Chemicals & Hazmat,9.59,1.91,2.85,107,True
Lightweight HDPE Jerry Can,Chemicals & Hazmat,9.99,1.95,2.598,109,True
Reinforced HDPE Jerry Can,Chemicals & Hazmat,9.98,1.99,3.042,96,True
Eco-Friendly HDPE Jerry Can,Chemicals & Hazmat,10.0,1.91,2.805,94,True
Lightweight HDPE Jerry Can,Chemicals & Hazmat,9.84,2.15,2.925,91,True
Heavy-Duty HDPE Jerry Can,Chemicals & Hazmat,10.0,1.91,2.748,93,True
Standard HDPE Jerry Can,Chemicals & Hazmat,9.39,1.82,2.852,91,True
Heavy-Duty HDPE Jerry Can,Chemicals & Hazmat,9.72,2.11,2.737,108,True
Heavy-Duty HDPE Jerry Can,Chemicals & Hazmat,9.71,1.93,2.574,99,True
Lightweight HDPE Jerry Can,Chemicals & Hazmat,9.41,1.78,2.837,94,True
Standard HDPE Jerry Can,Chemicals & Hazmat,9.87,2.04,2.829,90,True
Reinforced HDPE Jerry Can,Chemicals & Hazmat,9.38,1.86,2.858,99,True
Eco-Friendly HDPE Jerry Can,Chemicals & Hazmat,9.84,1.94,2.853,94,True
Standard HDPE Jerry Can,Chemicals & Hazmat,9.61,2.15,2.717,100,True
Eco-Friendly HDPE Jerry Can,Chemicals & Hazmat,10.0,1.74,2.789,106,True
Standard HDPE Jerry Can,Chemicals & Hazmat,10.0,1.84,3.017,95,True
Eco-Friendly Double-Lined Steel Barrel,Chemicals & Hazmat,10.0,3.08,7.771,1625,True
Reinforced Double-Lined Steel Barrel,Chemicals & Hazmat,10.0,3.32,8.503,1490,True
Standard Double-Lined Steel Barrel,Chemicals & Hazmat,10.0,3.43,7.948,1569,True
Heavy-Duty Double-Lined Steel Barrel,Chemicals & Hazmat,9.6,3.58,9.248,1380,True
Lightweight Double-Lined Steel Barrel,Chemicals & Hazmat,10.0,3.44,7.869,1402,True
Standard Double-Lined Steel Barrel,Chemicals & Hazmat,9.89,3.39,9.077,1382,True
Lightweight Double-Lined Steel Barrel,Chemicals & Hazmat,9.57,3.58,7.836,1369,True
Eco-Friendly Double-Lined Steel Barrel,Chemicals & Hazmat,10.0,3.55,8.647,1504,True
Standard Double-Lined Steel Barrel,Chemicals & Hazmat,10.0,3.12,8.356,1354,True
Heavy-Duty Double-Lined Steel Barrel,Chemicals & Hazmat,9.87,3.0,8.336,1583,True
Heavy-Duty Double-Lined Steel Barrel,Chemicals & Hazmat,9.47,3.16,8.0,1473,True
Heavy-Duty Double-Lined Steel Barrel,Chemicals & Hazmat,9.76,3.51,8.051,1409,True
Standard Double-Lined Steel Barrel,Chemicals & Hazmat,10.0,3.16,8.033,1395,True
Eco-Friendly Double-Lined Steel Barrel,Chemicals & Hazmat,10.0,2.92,8.777,1453,True
Lightweight Double-Lined Steel Barrel,Chemicals & Hazmat,9.67,3.27,8.558,1353,True
Heavy-Duty Double-Lined Steel Barrel,Chemicals & Hazmat,9.83,2.98,8.118,1567,True
Standard Double-Lined Steel Barrel,Chemicals & Hazmat,9.54,3.1,8.491,1585,True
Heavy-Duty Double-Lined Steel Barrel,Chemicals & Hazmat,10.0,3.08,8.431,1477,True
Standard Double-Lined Steel Barrel,Chemicals & Hazmat,9.67,2.89,7.967,1385,True
Lightweight Double-Lined Steel Barrel,Chemicals & Hazmat,10.0,3.36,7.788,1446,True
Lightweight Double-Lined Steel Barrel,Chemicals & Hazmat,9.76,3.48,7.659,1506,True
Standard Double-Lined Steel Barrel,Chemicals & Hazmat,9.59,3.62,8.552,1496,True
Standard Double-Lined Steel Barrel,Chemicals & Hazmat,9.99,3.64,9.2,1471,True
Lightweight Double-Lined Steel Barrel,Chemicals & Hazmat,9.9,3.62,8.181,1463,True
Eco-Friendly Double-Lined Steel Barrel,Chemicals & Hazmat,9.95,3.06,9.158,1570,True
Standard Double-Lined Steel Barrel,Chemicals & Hazmat,10.0,3.67,9.185,1596,True
Heavy-Duty Double-Lined Steel Barrel,Chemicals & Hazmat,10.0,3.29,9.207,1629,True
Standard Double-Lined Steel Barrel,Chemicals & Hazmat,10.0,3.65,8.446,1535,True
Lightweight Double-Lined Steel Barrel,Chemicals & Hazmat,10.0,3.31,7.958,1539,True
Heavy-Duty Double-Lined Steel Barrel,Chemicals & Hazmat,10.0,3.11,7.916,1578,True
Lightweight Double-Lined Steel Barrel,Chemicals & Hazmat,9.51,3.41,8.859,1389,True
Standard Double-Lined Steel Barrel,Chemicals & Hazmat,9.54,2.97,9.006,1413,True
Eco-Friendly Double-Lined Steel Barrel,Chemicals & Hazmat,9.81,3.4,8.366,1556,True
Lightweight Double-Lined Steel Barrel,Chemicals & Hazmat,10.0,2.96,8.397,1467,True
Eco-Friendly Double-Lined Steel Barrel,Chemicals & Hazmat,9.56,3.55,8.057,1442,True
Eco-Friendly Double-Lined Steel Barrel,Chemicals & Hazmat,10.0,3.47,8.573,1430,True
Heavy-Duty Double-Lined Steel Barrel,Chemicals & Hazmat,10.0,3.11,9.015,1407,True
Reinforced Double-Lined Steel Barrel,Chemicals & Hazmat,9.63,3.64,8.38,1521,True
Heavy-Duty Double-Lined Steel Barrel,Chemicals & Hazmat,9.9,3.29,8.42,1435,True
Eco-Friendly Double-Lined Steel Barrel,Chemicals & Hazmat,9.43,3.64,7.842,1532,True
Standard Double-Lined Steel Barrel,Chemicals & Hazmat,10.0,3.65,9.163,1402,True
Eco-Friendly Double-Lined Steel Barrel,Chemicals & Hazmat,9.45,3.4,8.864,1568,True
Lightweight Double-Lined Steel Barrel,Chemicals & Hazmat,10.0,3.48,7.871,1619,True
Eco-Friendly Double-Lined Steel Barrel,Chemicals & Hazmat,9.75,3.38,8.099,1640,True
Eco-Friendly Double-Lined Steel Barrel,Chemicals & Hazmat,9.62,3.02,7.785,1403,True
Lightweight Double-Lined Steel Barrel,Chemicals & Hazmat,9.64,3.44,7.927,1438,True
Eco-Friendly Double-Lined Steel Barrel,Chemicals & Hazmat,10.0,3.03,8.283,1371,True
Reinforced Double-Lined Steel Barrel,Chemicals & Hazmat,9.58,3.0,8.51,1377,True
Lightweight Double-Lined Steel Barrel,Chemicals & Hazmat,9.71,3.32,9.001,1385,True
Standard Double-Lined Steel Barrel,Chemicals & Hazmat,9.84,3.19,7.723,1496,True
Lightweight Anti-Static Bubble Wrap,Electronics,9.72,1.22,2.462,9,True
Reinforced Anti-Static Bubble Wrap,Electronics,9.46,1.11,2.732,9,True
Standard Anti-Static Bubble Wrap,Electronics,9.27,1.25,2.512,10,True
Eco-Friendly Anti-Static Bubble Wrap,Electronics,9.17,1.25,2.714,9,True
Eco-Friendly Anti-Static Bubble Wrap,Electronics,9.13,1.09,2.639,9,True
Eco-Friendly Anti-Static Bubble Wrap,Electronics,9.07,1.33,2.419,9,True
Lightweight Anti-Static Bubble Wrap,Electronics,9.28,1.25,2.479,9,True
Standard Anti-Static Bubble Wrap,Electronics,9.85,1.18,2.698,9,True
Heavy-Duty Anti-Static Bubble Wrap,Electronics,9.97,1.35,2.401,9,True
Heavy-Duty Anti-Static Bubble Wrap,Electronics,9.36,1.22,2.324,10,True
Eco-Friendly Anti-Static Bubble Wrap,Electronics,9.81,1.37,2.403,9,True
Eco-Friendly Anti-Static Bubble Wrap,Electronics,9.09,1.21,2.257,9,True
Standard Anti-Static Bubble Wrap,Electronics,9.34,1.29,2.357,10,True
Standard Anti-Static Bubble Wrap,Electronics,9.15,1.14,2.372,10,True
Eco-Friendly Anti-Static Bubble Wrap,Electronics,9.11,1.31,2.434,9,True
Reinforced Anti-Static Bubble Wrap,Electronics,9.34,1.17,2.486,10,True
Eco-Friendly Anti-Static Bubble Wrap,Electronics,9.84,1.14,2.62,9,True
Reinforced Anti-Static Bubble Wrap,Electronics,9.44,1.37,2.581,10,True
Lightweight Anti-Static Bubble Wrap,Electronics,9.41,1.14,2.564,9,True
Reinforced Anti-Static Bubble Wrap,Electronics,9.43,1.08,2.334,10,True
Lightweight Anti-Static Bubble Wrap,Electronics,9.79,1.18,2.548,9,True
Heavy-Duty Anti-Static Bubble Wrap,Electronics,9.1,1.17,2.436,10,True
Reinforced Anti-Static Bubble Wrap,Electronics,9.14,1.31,2.383,10,True
Heavy-Duty Anti-Static Bubble Wrap,Electronics,9.22,1.36,2.298,10,True
Eco-Friendly Anti-Static Bubble Wrap,Electronics,9.73,1.32,2.542,10,True
Reinforced Anti-Static Bubble Wrap,Electronics,9.82,1.19,2.518,10,True
Heavy-Duty Anti-Static Bubble Wrap,Electronics,9.56,1.2,2.521,10,True
Lightweight Anti-Static Bubble Wrap,Electronics,9.65,1.29,2.533,10,True
Heavy-Duty Anti-Static Bubble Wrap,Electronics,9.92,1.15,2.612,10,True
Lightweight Anti-Static Bubble Wrap,Electronics,9.8,1.32,2.283,10,True
Lightweight Anti-Static Bubble Wrap,Electronics,9.43,1.1,2.307,10,True
Eco-Friendly Anti-Static Bubble Wrap,Electronics,9.78,1.33,2.315,9,True
Reinforced Anti-Static Bubble Wrap,Electronics,9.78,1.17,2.722,10,True
Reinforced Anti-Static Bubble Wrap,Electronics,9.31,1.3,2.266,9,True
Eco-Friendly Anti-Static Bubble Wrap,Electronics,9.89,1.35,2.429,9,True
Eco-Friendly Anti-Static Bubble Wrap,Electronics,9.88,1.12,2.478,9,True
Lightweight Anti-Static Bubble Wrap,Electronics,9.71,1.28,2.369,10,True
Lightweight Anti-Static Bubble Wrap,Electronics,9.46,1.12,2.535,10,True
Heavy-Duty Anti-Static Bubble Wrap,Electronics,9.43,1.19,2.431,10,True
Heavy-Duty Anti-Static Bubble Wrap,Electronics,9.1,1.12,2.686,10,True
Reinforced Anti-Static Bubble Wrap,Electronics,9.26,1.29,2.581,10,True
Standard Anti-Static Bubble Wrap,Electronics,9.65,1.15,2.708,10,True
Standard Anti-Static Bubble Wrap,Electronics,9.66,1.19,2.748,10,True
Standard Anti-Static Bubble Wrap,Electronics,9.46,1.28,2.506,10,True
Eco-Friendly Anti-Static Bubble Wrap,Electronics,9.19,1.35,2.566,10,True
Heavy-Duty Anti-Static Bubble Wrap,Electronics,9.56,1.11,2.495,9,True
Standard Anti-Static Bubble Wrap,Electronics,9.51,1.27,2.639,9,True
Reinforced Anti-Static Bubble Wrap,Electronics,9.85,1.1,2.665,10,True
Lightweight Anti-Static Bubble Wrap,Electronics,9.97,1.18,2.313,9,True
Reinforced Anti-Static Bubble Wrap,Electronics,9.57,1.14,2.502,10,True
Eco-Friendly Molded Pulp Tray,Electronics,8.89,0.98,0.744,16,False
Heavy-Duty Molded Pulp Tray,Electronics,8.91,0.86,0.733,14,False
Eco-Friendly Molded Pulp Tray,Electronics,8.6,0.98,0.791,16,False
Heavy-Duty Molded Pulp Tray,Electronics,8.69,1.0,0.74,16,False
Lightweight Molded Pulp Tray,Electronics,8.1,0.99,0.843,15,False
Lightweight Molded Pulp Tray,Electronics,8.56,0.96,0.806,15,False
Lightweight Molded Pulp Tray,Electronics,8.56,1.03,0.771,14,False
Lightweight Molded Pulp Tray,Electronics,8.48,0.91,0.817,15,False
Lightweight Molded Pulp Tray,Electronics,8.88,0.99,0.755,14,False
Eco-Friendly Molded Pulp Tray,Electronics,8.71,0.93,0.808,15,False
Lightweight Molded Pulp Tray,Electronics,8.16,1.0,0.807,15,False
Eco-Friendly Molded Pulp Tray,Electronics,8.17,0.82,0.802,14,False
Reinforced Molded Pulp Tray,Electronics,8.31,0.88,0.81,14,False
Lightweight Molded Pulp Tray,Electronics,8.39,0.9,0.731,15,False
Lightweight Molded Pulp Tray,Electronics,8.44,0.89,0.782,13,False
Lightweight Molded Pulp Tray,Electronics,8.12,0.89,0.797,13,False
Heavy-Duty Molded Pulp Tray,Electronics,8.47,1.02,0.837,13,False
Standard Molded Pulp Tray,Electronics,8.47,0.87,0.787,13,False
Eco-Friendly Molded Pulp Tray,Electronics,8.59,0.9,0.78,14,False
Lightweight Molded Pulp Tray,Electronics,8.57,0.89,0.733,13,False
Standard Molded Pulp Tray,Electronics,8.58,0.89,0.857,13,False
Standard Molded Pulp Tray,Electronics,8.16,0.9,0.761,14,False
Standard Molded Pulp Tray,Electronics,8.57,1.01,0.761,15,False
Reinforced Molded Pulp Tray,Electronics,8.43,1.01,0.795,16,False
Lightweight Molded Pulp Tray,Electronics,8.78,1.01,0.849,16,False
Heavy-Duty Molded Pulp Tray,Electronics,8.45,0.87,0.774,15,False
Reinforced Molded Pulp Tray,Electronics,8.56,0.84,0.795,14,False
Heavy-Duty Molded Pulp Tray,Electronics,8.24,0.96,0.744,14,False
Eco-Friendly Molded Pulp Tray,Electronics,8.82,0.89,0.824,14,False
Standard Molded Pulp Tray,Electronics,8.14,0.95,0.804,13,False
Standard Molded Pulp Tray,Electronics,8.74,0.88,0.848,13,False
Lightweight Molded Pulp Tray,Electronics,8.32,1.02,0.757,14,False
Lightweight Molded Pulp Tray,Electronics,8.37,0.86,0.862,14,False
Reinforced Molded Pulp Tray,Electronics,8.52,1.0,0.77,14,False
Heavy-Duty Molded Pulp Tray,Electronics,8.54,1.0,0.829,16,False
Standard Molded Pulp Tray,Electronics,8.17,0.83,0.747,14,False
Heavy-Duty Molded Pulp Tray,Electronics,8.33,0.93,0.793,14,False
Standard Molded Pulp Tray,Electronics,8.62,0.9,0.794,14,False
Standard Molded Pulp Tray,Electronics,8.23,0.87,0.736,16,False
Lightweight Molded Pulp Tray,Electronics,8.37,0.95,0.854,13,False
Eco-Friendly Molded Pulp Tray,Electronics,8.71,0.84,0.837,15,False
Eco-Friendly Molded Pulp Tray,Electronics,8.33,0.98,0.86,14,False
Heavy-Duty Molded Pulp Tray,Electronics,8.8,1.02,0.841,15,False
Standard Molded Pulp Tray,Electronics,8.84,0.85,0.876,15,False
Standard Molded Pulp Tray,Electronics,8.49,0.93,0.802,14,False
Heavy-Duty Molded Pulp Tray,Electronics,8.57,0.86,0.765,16,False
Lightweight Molded Pulp Tray,Electronics,8.24,1.01,0.755,15,False
Heavy-Duty Molded Pulp Tray,Electronics,8.63,0.92,0.799,14,False
Eco-Friendly Molded Pulp Tray,Electronics,8.73,0.93,0.817,16,False
Eco-Friendly Molded Pulp Tray,Electronics,8.55,1.03,0.725,15,False
Eco-Friendly Air-Cushion Film,Electronics,9.31,1.67,2.809,21,True
Standard Air-Cushion Film,Electronics,8.72,1.72,2.95,21,True
Standard Air-Cushion Film,Electronics,9.36,1.4,3.178,21,True
Eco-Friendly Air-Cushion Film,Electronics,8.71,1.4,3.051,18,True
Eco-Friendly Air-Cushion Film,Electronics,8.98,1.64,3.208,21,True
Eco-Friendly Air-Cushion Film,Electronics,9.34,1.47,3.112,18,True
Heavy-Duty Air-Cushion Film,Electronics,9.17,1.45,3.045,21,True
Eco-Friendly Air-Cushion Film,Electronics,8.87,1.67,2.995,19,True
Standard Air-Cushion Film,Electronics,9.3,1.54,2.891,18,True
Lightweight Air-Cushion Film,Electronics,8.87,1.71,3.073,21,True
Reinforced Air-Cushion Film,Electronics,9.37,1.51,2.967,19,True
Heavy-Duty Air-Cushion Film,Electronics,8.69,1.44,3.086,18,True
Eco-Friendly Air-Cushion Film,Electronics,9.17,1.59,2.877,19,True
Eco-Friendly Air-Cushion Film,Electronics,9.06,1.56,2.906,21,True
Reinforced Air-Cushion Film,Electronics,8.71,1.57,3.151,20,True
Eco-Friendly Air-Cushion Film,Electronics,8.65,1.65,3.229,20,True
Reinforced Air-Cushion Film,Electronics,9.26,1.7,2.717,20,True
Lightweight Air-Cushion Film,Electronics,9.35,1.47,2.797,19,True
Standard Air-Cushion Film,Electronics,9.37,1.51,2.933,19,True
Eco-Friendly Air-Cushion Film,Electronics,9.25,1.48,3.129,20,True
Eco-Friendly Air-Cushion Film,Electronics,9.05,1.38,2.825,20,True
Lightweight Air-Cushion Film,Electronics,9.25,1.48,3.224,18,True
Heavy-Duty Air-Cushion Film,Electronics,8.97,1.36,3.261,21,True
Lightweight Air-Cushion Film,Electronics,9.07,1.61,3.059,20,True
Reinforced Air-Cushion Film,Electronics,8.81,1.39,2.919,19,True
Standard Air-Cushion Film,Electronics,8.9,1.59,2.874,18,True
Reinforced Air-Cushion Film,Electronics,8.97,1.59,3.133,20,True
Lightweight Air-Cushion Film,Electronics,8.75,1.55,2.844,20,True
Standard Air-Cushion Film,Electronics,8.71,1.47,3.094,20,True
Eco-Friendly Air-Cushion Film,Electronics,9.18,1.64,3.11,19,True
Eco-Friendly Air-Cushion Film,Electronics,9.15,1.7,2.754,19,True
Standard Air-Cushion Film,Electronics,8.81,1.39,2.962,20,True
Heavy-Duty Air-Cushion Film,Electronics,8.69,1.58,3.054,18,True
Lightweight Air-Cushion Film,Electronics,8.76,1.51,2.894,20,True
Lightweight Air-Cushion Film,Electronics,9.08,1.49,2.803,20,True
Standard Air-Cushion Film,Electronics,8.96,1.49,2.834,20,True
Eco-Friendly Air-Cushion Film,Electronics,9.41,1.65,2.766,20,True
Eco-Friendly Air-Cushion Film,Electronics,8.68,1.53,3.046,21,True
Reinforced Air-Cushion Film,Electronics,8.93,1.53,2.989,20,True
Heavy-Duty Air-Cushion Film,Electronics,8.58,1.72,3.138,21,True
Heavy-Duty Air-Cushion Film,Electronics,9.44,1.64,3.227,21,True
Eco-Friendly Air-Cushion Film,Electronics,9.1,1.61,2.878,19,True
Eco-Friendly Air-Cushion Film,Electronics,8.95,1.67,2.892,19,True
Standard Air-Cushion Film,Electronics,8.77,1.5,2.87,18,True
Standard Air-Cushion Film,Electronics,8.85,1.55,2.72,19,True
Heavy-Duty Air-Cushion Film,Electronics,8.79,1.71,3.22,21,True
Eco-Friendly Air-Cushion Film,Electronics,9.41,1.61,2.732,18,True
Eco-Friendly Air-Cushion Film,Electronics,9.15,1.53,2.729,18,True
Eco-Friendly Air-Cushion Film,Electronics,8.98,1.62,3.121,19,True
Eco-Friendly Air-Cushion Film,Electronics,8.84,1.69,2.795,18,True
Lightweight Wax-Coated Cardboard,Food & Perishables,9.11,1.13,1.571,27,True
Lightweight Wax-Coated Cardboard,Food & Perishables,8.65,1.05,1.583,25,True
Lightweight Wax-Coated Cardboard,Food & Perishables,8.83,1.26,1.486,27,True
Standard Wax-Coated Cardboard,Food & Perishables,9.22,1.17,1.448,25,True
Eco-Friendly Wax-Coated Cardboard,Food & Perishables,9.1,1.22,1.523,24,True
Standard Wax-Coated Cardboard,Food & Perishables,8.51,1.19,1.384,25,True
Standard Wax-Coated Cardboard,Food & Perishables,8.92,1.11,1.468,23,True
Reinforced Wax-Coated Cardboard,Food & Perishables,8.71,1.09,1.492,22,True
Lightweight Wax-Coated Cardboard,Food & Perishables,9.03,1.09,1.62,23,True
Lightweight Wax-Coated Cardboard,Food & Perishables,8.83,1.18,1.576,22,True
Eco-Friendly Wax-Coated Cardboard,Food & Perishables,8.75,1.03,1.634,26,True
Eco-Friendly Wax-Coated Cardboard,Food & Perishables,8.41,1.08,1.489,25,True
Lightweight Wax-Coated Cardboard,Food & Perishables,9.17,1.18,1.361,24,True
Standard Wax-Coated Cardboard,Food & Perishables,8.77,1.13,1.597,25,True
Eco-Friendly Wax-Coated Cardboard,Food & Perishables,8.51,1.05,1.456,23,True
Heavy-Duty Wax-Coated Cardboard,Food & Perishables,8.91,1.15,1.494,26,True
Eco-Friendly Wax-Coated Cardboard,Food & Perishables,8.94,1.17,1.368,26,True
Reinforced Wax-Coated Cardboard,Food & Perishables,8.52,1.09,1.497,23,True
Standard Wax-Coated Cardboard,Food & Perishables,9.01,1.06,1.55,24,True
Reinforced Wax-Coated Cardboard,Food & Perishables,9.14,1.16,1.441,26,True
Reinforced Wax-Coated Cardboard,Food & Perishables,8.96,1.06,1.394,25,True
Eco-Friendly Wax-Coated Cardboard,Food & Perishables,9.09,1.05,1.382,23,True
Eco-Friendly Wax-Coated Cardboard,Food & Perishables,8.76,1.01,1.639,24,True
Eco-Friendly Wax-Coated Cardboard,Food & Perishables,8.87,1.21,1.613,27,True
Eco-Friendly Wax-Coated Cardboard,Food & Perishables,8.88,1.11,1.398,26,True
Standard Wax-Coated Cardboard,Food & Perishables,8.88,1.03,1.442,24,True
Reinforced Wax-Coated Cardboard,Food & Perishables,8.51,1.1,1.402,26,True
Standard Wax-Coated Cardboard,Food & Perishables,9.06,1.19,1.376,23,True
Standard Wax-Coated Cardboard,Food & Perishables,9.03,1.09,1.568,24,True
Eco-Friendly Wax-Coated Cardboard,Food & Perishables,8.45,1.18,1.635,26,True
Reinforced Wax-Coated Cardboard,Food & Perishables,9.17,1.02,1.509,23,True
Reinforced Wax-Coated Cardboard,Food & Perishables,8.73,1.18,1.478,25,True
Reinforced Wax-Coated Cardboard,Food & Perishables,9.05,1.1,1.475,25,True
Standard Wax-Coated Cardboard,Food & Perishables,8.67,1.19,1.474,26,True
Heavy-Duty Wax-Coated Cardboard,Food & Perishables,8.7,1.25,1.371,25,True
Eco-Friendly Wax-Coated Cardboard,Food & Perishables,8.71,1.15,1.613,25,True
Eco-Friendly Wax-Coated Cardboard,Food & Perishables,8.83,1.09,1.376,27,True
Standard Wax-Coated Cardboard,Food & Perishables,8.98,1.01,1.499,25,True
Eco-Friendly Wax-Coated Cardboard,Food & Perishables,9.1,1.23,1.353,26,True
Heavy-Duty Wax-Coated Cardboard,Food & Perishables,9.05,1.18,1.47,24,True
Lightweight Wax-Coated Cardboard,Food & Perishables,9.12,1.22,1.645,24,True
Reinforced Wax-Coated Cardboard,Food & Perishables,8.68,1.15,1.623,24,True
Heavy-Duty Wax-Coated Cardboard,Food & Perishables,8.99,1.26,1.505,25,True
Eco-Friendly Wax-Coated Cardboard,Food & Perishables,8.41,1.26,1.476,25,True
Reinforced Wax-Coated Cardboard,Food & Perishables,8.49,1.0,1.364,26,True
Reinforced Wax-Coated Cardboard,Food & Perishables,8.96,1.05,1.592,27,True
Lightweight Wax-Coated Cardboard,Food & Perishables,8.74,1.13,1.647,25,True
Heavy-Duty Wax-Coated Cardboard,Food & Perishables,9.14,1.07,1.648,26,True
Eco-Friendly Wax-Coated Cardboard,Food & Perishables,9.12,1.04,1.556,22,True
Reinforced Wax-Coated Cardboard,Food & Perishables,9.08,1.07,1.527,27,True
Eco-Friendly Biodegradable Clamshell,Food & Perishables,9.46,2.22,1.24,5,True
Eco-Friendly Biodegradable Clamshell,Food & Perishables,8.88,2.14,1.102,5,True
Heavy-Duty Biodegradable Clamshell,Food & Perishables,9.07,2.29,1.087,5,True
Reinforced Biodegradable Clamshell,Food & Perishables,8.75,1.95,1.17,5,True
Reinforced Biodegradable Clamshell,Food & Perishables,9.58,1.93,1.287,4,True
Eco-Friendly Biodegradable Clamshell,Food & Perishables,8.97,1.95,1.091,5,True
Lightweight Biodegradable Clamshell,Food & Perishables,9.35,2.25,1.212,5,True
Eco-Friendly Biodegradable Clamshell,Food & Perishables,8.99,2.16,1.174,5,True
Lightweight Biodegradable Clamshell,Food & Perishables,9.02,2.25,1.13,4,True
Standard Biodegradable Clamshell,Food & Perishables,9.38,2.19,1.09,4,True
Lightweight Biodegradable Clamshell,Food & Perishables,8.78,2.02,1.304,4,True
Standard Biodegradable Clamshell,Food & Perishables,9.59,2.07,1.16,5,True
Lightweight Biodegradable Clamshell,Food & Perishables,9.42,2.05,1.091,5,True
Heavy-Duty Biodegradable Clamshell,Food & Perishables,8.82,1.99,1.126,4,True
Lightweight Biodegradable Clamshell,Food & Perishables,8.78,2.0,1.253,5,True
Heavy-Duty Biodegradable Clamshell,Food & Perishables,9.26,2.12,1.249,4,True
Standard Biodegradable Clamshell,Food & Perishables,8.79,1.92,1.14,5,True
Standard Biodegradable Clamshell,Food & Perishables,9.09,1.93,1.311,5,True
Heavy-Duty Biodegradable Clamshell,Food & Perishables,8.91,2.23,1.3,4,True
Lightweight Biodegradable Clamshell,Food & Perishables,9.13,1.86,1.15,4,True
Lightweight Biodegradable Clamshell,Food & Perishables,8.97,2.06,1.194,4,True
Standard Biodegradable Clamshell,Food & Perishables,9.2,1.94,1.254,5,True
Lightweight Biodegradable Clamshell,Food & Perishables,9.52,2.24,1.279,5,True
Reinforced Biodegradable Clamshell,Food & Perishables,8.8,2.2,1.222,5,True
Heavy-Duty Biodegradable Clamshell,Food & Perishables,8.9,1.97,1.161,4,True
Standard Biodegradable Clamshell,Food & Perishables,9.25,2.23,1.268,4,True
Standard Biodegradable Clamshell,Food & Perishables,9.39,2.15,1.157,5,True
Standard Biodegradable Clamshell,Food & Perishables,9.31,2.25,1.176,4,True
Reinforced Biodegradable Clamshell,Food & Perishables,9.01,1.82,1.208,4,True
Eco-Friendly Biodegradable Clamshell,Food & Perishables,9.5,1.89,1.295,4,True
Lightweight Biodegradable Clamshell,Food & Perishables,9.08,1.96,1.306,5,True
Lightweight Biodegradable Clamshell,Food & Perishables,8.91,1.99,1.158,5,True
Standard Biodegradable Clamshell,Food & Perishables,8.99,1.92,1.264,5,True
Standard Biodegradable Clamshell,Food & Perishables,9.23,2.21,1.313,5,True
Eco-Friendly Biodegradable Clamshell,Food & Perishables,9.38,2.28,1.149,4,True
Standard Biodegradable Clamshell,Food & Perishables,9.17,1.87,1.091,5,True
Heavy-Duty Biodegradable Clamshell,Food & Perishables,9.37,1.8,1.312,4,True
Eco-Friendly Biodegradable Clamshell,Food & Perishables,9.47,1.96,1.219,4,True
Lightweight Biodegradable Clamshell,Food & Perishables,9.11,1.93,1.255,4,True
Reinforced Biodegradable Clamshell,Food & Perishables,8.97,2.14,1.254,4,True
Lightweight Biodegradable Clamshell,Food & Perishables,9.59,1.88,1.186,5,True
Lightweight Biodegradable Clamshell,Food & Perishables,9.21,2.08,1.242,4,True
Heavy-Duty Biodegradable Clamshell,Food & Perishables,9.53,2.24,1.245,5,True
Heavy-Duty Biodegradable Clamshell,Food & Perishables,9.26,2.22,1.304,4,True
Standard Biodegradable Clamshell,Food & Perishables,8.88,1.9,1.083,4,True
Eco-Friendly Biodegradable Clamshell,Food & Perishables,8.84,1.89,1.094,5,True
Heavy-Duty Biodegradable Clamshell,Food & Perishables,9.02,2.02,1.311,4,True
Lightweight Biodegradable Clamshell,Food & Perishables,9.33,2.18,1.082,5,True
Lightweight Biodegradable Clamshell,Food & Perishables,8.9,2.18,1.273,4,True
Heavy-Duty Biodegradable Clamshell,Food & Perishables,9.47,2.16,1.202,4,True
Heavy-Duty Temperature Control Pouch,Food & Perishables,9.43,3.52,4.317,9,True
Lightweight Temperature Control Pouch,Food & Perishables,9.64,3.36,4.06,10,True
Standard Temperature Control Pouch,Food & Perishables,9.25,3.38,4.303,9,True
Reinforced Temperature Control Pouch,Food & Perishables,9.75,3.43,3.881,10,True
Heavy-Duty Temperature Control Pouch,Food & Perishables,9.86,3.21,4.39,9,True
Standard Temperature Control Pouch,Food & Perishables,9.75,3.72,4.09,9,True
Eco-Friendly Temperature Control Pouch,Food & Perishables,9.92,3.88,4.041,10,True
Reinforced Temperature Control Pouch,Food & Perishables,9.7,3.67,3.606,9,True
Lightweight Temperature Control Pouch,Food & Perishables,9.86,3.63,4.091,9,True
Heavy-Duty Temperature Control Pouch,Food & Perishables,9.42,3.22,4.188,10,True
Standard Temperature Control Pouch,Food & Perishables,9.19,3.18,3.602,10,True
Eco-Friendly Temperature Control Pouch,Food & Perishables,9.9,3.34,4.37,10,True
Heavy-Duty Temperature Control Pouch,Food & Perishables,10.0,3.26,4.276,9,True
Standard Temperature Control Pouch,Food & Perishables,9.87,3.41,3.905,9,True
Heavy-Duty Temperature Control Pouch,Food & Perishables,9.93,3.84,3.618,10,True
Lightweight Temperature Control Pouch,Food & Perishables,9.39,3.98,3.998,10,True
Lightweight Temperature Control Pouch,Food & Perishables,9.25,3.41,4.073,10,True
Heavy-Duty Temperature Control Pouch,Food & Perishables,10.0,3.56,3.876,10,True
Standard Temperature Control Pouch,Food & Perishables,9.78,3.59,4.287,10,True
Reinforced Temperature Control Pouch,Food & Perishables,9.76,3.48,4.399,10,True
Eco-Friendly Temperature Control Pouch,Food & Perishables,9.88,3.52,4.191,9,True
Heavy-Duty Temperature Control Pouch,Food & Perishables,9.19,3.51,4.245,10,True
Reinforced Temperature Control Pouch,Food & Perishables,9.87,3.71,4.071,9,True
Heavy-Duty Temperature Control Pouch,Food & Perishables,9.52,3.74,3.984,9,True
Heavy-Duty Temperature Control Pouch,Food & Perishables,9.95,3.19,4.153,10,True
Eco-Friendly Temperature Control Pouch,Food & Perishables,9.73,3.98,4.259,9,True
Lightweight Temperature Control Pouch,Food & Perishables,9.52,3.25,3.886,10,True
Lightweight Temperature Control Pouch,Food & Perishables,9.8,3.67,4.173,9,True
Heavy-Duty Temperature Control Pouch,Food & Perishables,9.5,3.91,3.907,9,True
Eco-Friendly Temperature Control Pouch,Food & Perishables,10.0,3.61,4.134,9,True
Heavy-Duty Temperature Control Pouch,Food & Perishables,9.51,3.67,4.187,10,True
Standard Temperature Control Pouch,Food & Perishables,9.46,3.55,3.803,9,True
Reinforced Temperature Control Pouch,Food & Perishables,9.27,3.26,3.86,10,True
Heavy-Duty Temperature Control Pouch,Food & Perishables,9.23,3.57,3.95,10,True
Eco-Friendly Temperature Control Pouch,Food & Perishables,10.0,3.47,3.711,10,True
Standard Temperature Control Pouch,Food & Perishables,9.63,3.3,3.791,9,True
Standard Temperature Control Pouch,Food & Perishables,10.0,3.87,3.786,9,True
Heavy-Duty Temperature Control Pouch,Food & Perishables,9.81,3.52,3.801,9,True
Standard Temperature Control Pouch,Food & Perishables,9.62,3.94,3.984,9,True
Standard Temperature Control Pouch,Food & Perishables,9.59,3.87,3.793,10,True
Standard Temperature Control Pouch,Food & Perishables,9.57,3.63,4.105,10,True
Eco-Friendly Temperature Control Pouch,Food & Perishables,9.22,3.67,4.126,10,True
Lightweight Temperature Control Pouch,Food & Perishables,9.47,3.86,4.32,10,True
Standard Temperature Control Pouch,Food & Perishables,9.56,3.32,4.302,9,True
Reinforced Temperature Control Pouch,Food & Perishables,9.43,3.69,4.043,10,True
Lightweight Temperature Control Pouch,Food & Perishables,9.95,3.93,3.655,9,True
Standard Temperature Control Pouch,Food & Perishables,9.46,3.23,3.676,10,True
Lightweight Temperature Control Pouch,Food & Perishables,9.25,3.31,3.702,10,True
Heavy-Duty Temperature Control Pouch,Food & Perishables,9.92,3.28,3.874,9,True
Standard Temperature Control Pouch,Food & Perishables,9.84,3.34,4.038,9,True
Eco-Friendly Standard Cardboard Box,General Use,7.48,0.54,0.858,31,False
Reinforced Standard Cardboard Box,General Use,7.71,0.5,0.813,27,False
Lightweight Standard Cardboard Box,General Use,7.47,0.5,0.975,28,False
Lightweight Standard Cardboard Box,General Use,7.53,0.56,0.906,30,False
Heavy-Duty Standard Cardboard Box,General Use,7.17,0.53,0.97,31,False
Lightweight Standard Cardboard Box,General Use,7.43,0.5,0.888,31,False
Eco-Friendly Standard Cardboard Box,General Use,7.47,0.5,0.848,31,False
Standard Standard Cardboard Box,General Use,7.43,0.54,0.969,31,False
Heavy-Duty Standard Cardboard Box,General Use,7.68,0.52,0.873,31,False
Eco-Friendly Standard Cardboard Box,General Use,7.75,0.48,0.972,28,False
Lightweight Standard Cardboard Box,General Use,7.48,0.48,0.812,29,False
Reinforced Standard Cardboard Box,General Use,7.61,0.5,0.925,28,False
Lightweight Standard Cardboard Box,General Use,7.74,0.49,0.811,28,False
Lightweight Standard Cardboard Box,General Use,7.34,0.45,0.874,31,False
Reinforced Standard Cardboard Box,General Use,7.61,0.47,0.979,27,False
Heavy-Duty Standard Cardboard Box,General Use,7.34,0.57,0.856,29,False
Heavy-Duty Standard Cardboard Box,General Use,7.55,0.57,0.955,29,False
Standard Standard Cardboard Box,General Use,7.84,0.46,0.966,32,False
Heavy-Duty Standard Cardboard Box,General Use,7.56,0.49,0.832,31,False
Heavy-Duty Standard Cardboard Box,General Use,7.43,0.56,0.844,27,False
Eco-Friendly Standard Cardboard Box,General Use,7.47,0.53,0.931,29,False
Heavy-Duty Standard Cardboard Box,General Use,7.18,0.48,0.982,28,False
Standard Standard Cardboard Box,General Use,7.21,0.47,0.983,29,False
Reinforced Standard Cardboard Box,General Use,7.4,0.48,0.898,27,False
Heavy-Duty Standard Cardboard Box,General Use,7.3,0.54,0.824,28,False
Lightweight Standard Cardboard Box,General Use,7.81,0.51,0.982,31,False
Reinforced Standard Cardboard Box,General Use,7.73,0.45,0.9,31,False
Lightweight Standard Cardboard Box,General Use,7.57,0.5,0.964,29,False
Heavy-Duty Standard Cardboard Box,General Use,7.74,0.56,0.863,31,False
Eco-Friendly Standard Cardboard Box,General Use,7.2,0.49,0.912,28,False
Reinforced Standard Cardboard Box,General Use,7.63,0.55,0.912,30,False
Heavy-Duty Standard Cardboard Box,General Use,7.69,0.51,0.948,28,False
Standard Standard Cardboard Box,General Use,7.48,0.46,0.835,28,False
Eco-Friendly Standard Cardboard Box,General Use,7.16,0.53,0.912,31,False
Heavy-Duty Standard Cardboard Box,General Use,7.55,0.5,0.987,30,False
Reinforced Standard Cardboard Box,General Use,7.18,0.46,0.859,31,False
Lightweight Standard Cardboard Box,General Use,7.47,0.47,0.818,29,False
Lightweight Standard Cardboard Box,General Use,7.8,0.5,0.822,28,False
Reinforced Standard Cardboard Box,General Use,7.49,0.56,0.901,29,False
Eco-Friendly Standard Cardboard Box,General Use,7.59,0.51,0.987,27,False
Heavy-Duty Standard Cardboard Box,General Use,7.31,0.45,0.832,29,False
Standard Standard Cardboard Box,General Use,7.7,0.54,0.831,32,False
Standard Standard Cardboard Box,General Use,7.51,0.53,0.961,31,False
Reinforced Standard Cardboard Box,General Use,7.45,0.56,0.867,28,False
Eco-Friendly Standard Cardboard Box,General Use,7.13,0.45,0.843,30,False
Heavy-Duty Standard Cardboard Box,General Use,7.55,0.48,0.812,27,False
Lightweight Standard Cardboard Box,General Use,7.18,0.57,0.839,28,False
Heavy-Duty Standard Cardboard Box,General Use,7.48,0.47,0.908,29,False
Lightweight Standard Cardboard Box,General Use,7.53,0.49,0.823,31,False
Standard Standard Cardboard Box,General Use,7.67,0.52,0.826,27,False
Reinforced Recycled Paper Filler,General Use,8.37,0.27,0.399,4,False
Lightweight Recycled Paper Filler,General Use,7.69,0.3,0.388,4,False
Lightweight Recycled Paper Filler,General Use,8.29,0.29,0.384,4,False
Reinforced Recycled Paper Filler,General Use,8.35,0.3,0.393,5,False
Reinforced Recycled Paper Filler,General Use,8.21,0.31,0.431,4,False
Standard Recycled Paper Filler,General Use,8.25,0.34,0.394,4,False
Lightweight Recycled Paper Filler,General Use,8.28,0.28,0.409,4,False
Standard Recycled Paper Filler,General Use,7.75,0.29,0.363,5,False
Reinforced Recycled Paper Filler,General Use,8.36,0.33,0.415,4,False
Lightweight Recycled Paper Filler,General Use,7.73,0.33,0.406,4,False
Reinforced Recycled Paper Filler,General Use,8.23,0.27,0.422,4,False
Lightweight Recycled Paper Filler,General Use,8.19,0.33,0.369,4,False
Lightweight Recycled Paper Filler,General Use,8.38,0.32,0.384,4,False
Lightweight Recycled Paper Filler,General Use,8.19,0.28,0.38,5,False
Reinforced Recycled Paper Filler,General Use,8.08,0.3,0.407,5,False
Reinforced Recycled Paper Filler,General Use,7.93,0.31,0.364,5,False
Heavy-Duty Recycled Paper Filler,General Use,7.75,0.3,0.438,5,False
Lightweight Recycled Paper Filler,General Use,7.62,0.31,0.405,4,False
Lightweight Recycled Paper Filler,General Use,7.87,0.29,0.438,4,False
Standard Recycled Paper Filler,General Use,7.75,0.32,0.42,4,False
Standard Recycled Paper Filler,General Use,7.7,0.29,0.405,4,False
Lightweight Recycled Paper Filler,General Use,7.69,0.33,0.411,4,False
Standard Recycled Paper Filler,General Use,8.24,0.34,0.371,4,False
Standard Recycled Paper Filler,General Use,8.0,0.29,0.391,4,False
Reinforced Recycled Paper Filler,General Use,8.14,0.28,0.362,4,False
Eco-Friendly Recycled Paper Filler,General Use,7.85,0.34,0.411,4,False
Eco-Friendly Recycled Paper Filler,General Use,8.31,0.33,0.36,4,False
Standard Recycled Paper Filler,General Use,7.71,0.3,0.415,4,False
Lightweight Recycled Paper Filler,General Use,7.99,0.33,0.408,4,False
Heavy-Duty Recycled Paper Filler,General Use,8.3,0.28,0.38,4,False
Eco-Friendly Recycled Paper Filler,General Use,7.74,0.27,0.362,5,False
Heavy-Duty Recycled Paper Filler,General Use,8.03,0.29,0.435,5,False
Eco-Friendly Recycled Paper Filler,General Use,7.97,0.28,0.426,5,False
Lightweight Recycled Paper Filler,General Use,8.01,0.33,0.378,4,False
Standard Recycled Paper Filler,General Use,7.97,0.28,0.425,5,False
Heavy-Duty Recycled Paper Filler,General Use,8.14,0.33,0.391,4,False
Heavy-Duty Recycled Paper Filler,General Use,7.86,0.31,0.405,5,False
Lightweight Recycled Paper Filler,General Use,7.61,0.34,0.373,5,False
Heavy-Duty Recycled Paper Filler,General Use,7.96,0.3,0.378,4,False
Lightweight Recycled Paper Filler,General Use,7.95,0.3,0.405,5,False
Lightweight Recycled Paper Filler,General Use,8.03,0.34,0.408,4,False
Heavy-Duty Recycled Paper Filler,General Use,8.04,0.33,0.404,5,False
Heavy-Duty Recycled Paper Filler,General Use,7.68,0.33,0.432,4,False
Heavy-Duty Recycled Paper Filler,General Use,7.81,0.31,0.37,5,False
Lightweight Recycled Paper Filler,General Use,7.69,0.34,0.365,5,False
Reinforced Recycled Paper Filler,General Use,8.2,0.32,0.416,5,False
Lightweight Recycled Paper Filler,General Use,7.86,0.3,0.427,5,False
Reinforced Recycled Paper Filler,General Use,7.73,0.34,0.379,4,False
Eco-Friendly Recycled Paper Filler,General Use,7.8,0.33,0.369,5,False
Reinforced Recycled Paper Filler,General Use,7.88,0.32,0.434,5,False
Standard Plastic Shrink Wrap,General Use,6.7,0.92,3.264,45,True
Standard Plastic Shrink Wrap,General Use,6.23,0.82,3.258,51,True
Standard Plastic Shrink Wrap,General Use,6.48,0.86,3.286,45,True
Standard Plastic Shrink Wrap,General Use,6.62,0.76,2.987,53,True
Reinforced Plastic Shrink Wrap,General Use,6.56,0.76,3.348,50,True
Heavy-Duty Plastic Shrink Wrap,General Use,6.43,0.85,3.302,54,True
Standard Plastic Shrink Wrap,General Use,6.5,0.76,2.954,49,True
Standard Plastic Shrink Wrap,General Use,6.31,0.89,3.006,53,True
Standard Plastic Shrink Wrap,General Use,6.35,0.89,3.416,54,True
Lightweight Plastic Shrink Wrap,General Use,6.56,0.88,3.277,49,True
Lightweight Plastic Shrink Wrap,General Use,6.28,0.84,3.39,54,True
Standard Plastic Shrink Wrap,General Use,6.21,0.75,2.953,54,True
Heavy-Duty Plastic Shrink Wrap,General Use,6.21,0.82,3.014,49,True
Heavy-Duty Plastic Shrink Wrap,General Use,6.41,0.79,3.016,53,True
Lightweight Plastic Shrink Wrap,General Use,6.66,0.78,3.086,47,True
Heavy-Duty Plastic Shrink Wrap,General Use,6.77,0.75,3.34,51,True
Standard Plastic Shrink Wrap,General Use,6.18,0.84,3.271,53,True
Reinforced Plastic Shrink Wrap,General Use,6.38,0.73,3.004,51,True
Standard Plastic Shrink Wrap,General Use,6.31,0.83,3.244,50,True
Eco-Friendly Plastic Shrink Wrap,General Use,6.57,0.91,2.924,54,True
Reinforced Plastic Shrink Wrap,General Use,6.8,0.75,3.256,50,True
Standard Plastic Shrink Wrap,General Use,6.45,0.78,3.397,47,True
Standard Plastic Shrink Wrap,General Use,6.39,0.88,2.981,51,True
Heavy-Duty Plastic Shrink Wrap,General Use,6.23,0.73,3.41,50,True
Reinforced Plastic Shrink Wrap,General Use,6.81,0.8,3.217,51,True
Standard Plastic Shrink Wrap,General Use,6.76,0.75,3.135,46,True
Reinforced Plastic Shrink Wrap,General Use,6.56,0.76,3.444,51,True
Heavy-Duty Plastic Shrink Wrap,General Use,6.6,0.73,3.042,52,True
Standard Plastic Shrink Wrap,General Use,6.21,0.81,3.119,54,True
Heavy-Duty Plastic Shrink Wrap,General Use,6.73,0.78,3.267,49,True
Standard Plastic Shrink Wrap,General Use,6.18,0.78,2.983,53,True
Heavy-Duty Plastic Shrink Wrap,General Use,6.2,0.88,3.273,52,True
Standard Plastic Shrink Wrap,General Use,6.82,0.79,2.937,50,True
Lightweight Plastic Shrink Wrap,General Use,6.35,0.89,3.201,51,True
Eco-Friendly Plastic Shrink Wrap,General Use,6.44,0.78,3.221,47,True
Heavy-Duty Plastic Shrink Wrap,General Use,6.48,0.91,3.31,45,True
Standard Plastic Shrink Wrap,General Use,6.33,0.83,3.004,51,True
Eco-Friendly Plastic Shrink Wrap,General Use,6.24,0.92,3.12,47,True
Eco-Friendly Plastic Shrink Wrap,General Use,6.25,0.77,3.188,48,True
Standard Plastic Shrink Wrap,General Use,6.19,0.73,3.396,50,True
Eco-Friendly Plastic Shrink Wrap,General Use,6.7,0.76,3.34,54,True
Eco-Friendly Plastic Shrink Wrap,General Use,6.71,0.89,3.372,46,True
Reinforced Plastic Shrink Wrap,General Use,6.48,0.72,3.223,52,True
Heavy-Duty Plastic Shrink Wrap,General Use,6.71,0.77,3.091,53,True
Standard Plastic Shrink Wrap,General Use,6.38,0.83,3.213,45,True
Lightweight Plastic Shrink Wrap,General Use,6.3,0.78,2.963,48,True
Lightweight Plastic Shrink Wrap,General Use,6.25,0.76,3.409,48,True
Heavy-Duty Plastic Shrink Wrap,General Use,6.34,0.92,3.404,50,True
Reinforced Plastic Shrink Wrap,General Use,6.55,0.82,2.914,49,True
Eco-Friendly Plastic Shrink Wrap,General Use,6.35,0.73,3.068,52,True
