Material_ID,Material_Name,Category,Density_kg_m3,Tensile_Strength_MPa,CO2_Emission_kg,Cost_per_kg,Biodegradable
1,Recycled Palm Leaf,Eco,489,13.19,0.235,1.06,Yes
2,Waterproof Palm Leaf,Eco,561,15.29,0.449,1.47,Yes
3,Single-Ply Kraft Paper,Paper,742,36.08,0.742,0.91,Yes
4,Single-Ply Aluminum Foil,Metal,2506,32.48,11.137,3.3,No
5,Fire-Retardant Nylon Fabric,Plastic,1323,69.04,6.8,4.71,No
6,Commercial-Grade Recycled Denim,Eco,287,4.78,0.573,1.61,Yes
7,Food-Grade Polycarbonate,Plastic,1142,61.84,3.615,4,No
8,Lightweight PET Plastic,Plastic,1082,43.14,1.941,0.97,No
9,Single-Ply Borosilicate Glass,Glass,1957,40.95,0.965,2.34,No
10,Food-Grade Mushroom Mycelium,Eco,146,0.78,0.486,5.1,Yes
11,Laminated PVC Film,Plastic,1469,55.48,3.339,2.59,No
12,Lightweight Plywood,Wood,515,31.71,0.535,2.23,Yes
13,Food-Grade Wax Paper,Paper,892,14.86,1.09,1.78,Yes
14,Double-Wall Cornstarch Foam,Eco,61,0.92,1.708,3.25,Yes
15,Insulated PLA Bioplastic,Eco,627,36.4,2.184,4.53,Yes
16,UV-Stabilized Polyurethane Foam,Plastic,29,0.53,3.497,2.31,No
17,Laminated Plywood,Wood,716,48.08,0.781,3.51,Yes
18,Medical-Grade PLA Bioplastic,Eco,1191,69.14,2.074,8.07,Yes
19,Perforated Aluminum Foil,Metal,2471,36.6,12.2,4.47,No
20,Recycled Seaweed Film,Eco,1089,14,0.124,3.73,Yes
21,Industrial-Grade Plywood,Wood,684,45.92,0.631,2.63,Yes
22,Reinforced Polypropylene (PP),Plastic,1068,51.62,2.271,1.79,No
23,Woven Palm Leaf,Eco,534,18.95,0.428,1.52,Yes
24,Commercial-Grade Cornstarch Foam,Eco,40,0.5,1.2,2.1,Yes
25,Perforated Seaweed Film,Eco,963,12.23,0.204,4.49,Yes
26,Insulated Acrylic Sheet,Plastic,606,43.1,4.31,4.11,No
27,Laminated Hemp Composite,Eco,1236,61.29,1.328,4.15,Yes
28,Perforated Hemp Composite,Eco,1029,41.56,1.039,3.31,Yes
29,Lightweight Hemp Composite,Eco,886,40.25,0.906,2.63,Yes
30,Food-Grade Aluminum Foil,Metal,2752,45.87,12.231,6.12,No
31,Food-Grade HDPE Container,Plastic,911,23.98,1.822,1.87,No
32,Food-Grade ABS Plastic,Plastic,991,38.12,2.954,2.86,No
33,UV-Stabilized Hemp Composite,Eco,1064,53.21,1.161,3.93,Yes
34,Standard Bubble Wrap (LDPE),Plastic,890,9.68,2.807,2.13,No
35,Waterproof Polyurethane Foam,Plastic,34,0.51,3.356,2.07,No
36,Lightweight Kraft Paper,Paper,631,39.44,0.71,0.98,Yes
37,Perforated ABS Plastic,Plastic,912,31.19,3.022,2.14,No
38,Lightweight Jute Burlap,Eco,1059,24.43,0.458,1.1,Yes
39,Single-Ply Polycarbonate,Plastic,1042,43.9,3.3,2.16,No
40,Food-Grade Acrylic Sheet,Plastic,1222,72.5,3.625,3.88,No
41,Lightweight ABS Plastic,Plastic,829,31.9,2.781,1.79,No
42,Commercial-Grade Molded Pulp,Paper,293,1.95,0.683,1.02,Yes
43,Industrial-Grade PVC Film,Plastic,1415,53.43,2.721,1.96,No
44,Laminated Seaweed Film,Eco,1166,18.17,0.262,5.65,Yes
45,Industrial-Grade HDPE Container,Plastic,1052,30.21,2.105,1.44,No
46,Standard Recycled Denim,Eco,286,4.76,0.572,1.52,Yes
47,Standard Tin Plate,Metal,7547,192.29,7.692,1.73,No
48,Woven HDPE Container,Plastic,1016,31.59,2.032,1.64,No
49,Commercial-Grade Jute Burlap,Eco,1245,28.73,0.479,1.21,Yes
50,Double-Wall Polyurethane Foam,Plastic,46,0.92,4.306,2.79,No
51,Perforated Cork Sheet,Wood,218,4.04,0.303,4.45,Yes
52,Recycled Plywood,Wood,640,35.44,0.354,2.21,Yes
53,Medical-Grade Bubble Wrap (LDPE),Plastic,908,11.85,3.436,6.52,No
54,Single-Ply Teflon Coating,Plastic,2074,18.33,7.542,6.7,No
55,Heavy-Duty Steel Strap,Metal,10304,569.05,2.439,1.71,No
56,Food-Grade Jute Burlap,Eco,1303,30.07,0.501,1.8,Yes
57,Heavy-Duty Hardboard,Wood,1214,43.59,0.872,2.62,Yes
58,Industrial-Grade Corrugated Cardboard,Paper,688,7.5,1.031,0.92,Yes
59,Lightweight Corrugated Cardboard,Paper,498,4.98,0.84,0.75,Yes
60,Waterproof Styrofoam (EPS),Plastic,28,0.4,3.651,1.81,No
61,Anti-Static Polyurethane Foam,Plastic,30,0.49,3.254,2.35,No
62,Medical-Grade Steel Strap,Metal,7562,465.34,2.327,3.49,No
63,Medical-Grade Glass Jar,Glass,2590,62.17,0.995,4.66,No
64,Waterproof Bagasse (Sugarcane),Eco,130,19.73,0.325,1.78,Yes
65,Industrial-Grade Hemp Composite,Eco,1160,57.53,1.055,3.06,Yes
66,Recycled Bagasse (Sugarcane),Eco,118,17.68,0.177,1.33,Yes
67,Fire-Retardant Polycarbonate,Plastic,1281,69.37,4.793,4.08,No
68,Single-Ply Pine Wood Crate,Wood,467,25.43,0.467,1.66,Yes
69,Anti-Static Bubble Wrap (LDPE),Plastic,912,9.91,3.162,3.05,No
70,Commercial-Grade Plywood,Wood,673,41.44,0.622,2.72,Yes
71,Reinforced PET Plastic,Plastic,1584,78.93,2.315,1.37,No
72,Insulated Steel Strap,Metal,4084,251.3,2.513,2.01,No
73,Heavy-Duty PVC Film,Plastic,1693,63.11,3.005,2.52,No
74,Anti-Static PET Plastic,Plastic,1415,56.41,2.482,1.58,No
75,Anti-Static Tin Plate,Metal,8207,209.1,9.201,2.63,No
76,Waterproof Tissue Paper,Paper,281,1.02,0.899,1.84,Yes
77,Waterproof Cork Sheet,Wood,271,5.14,0.339,4.93,Yes
78,UV-Stabilized Kraft Paper,Paper,801,55.06,0.961,1.54,Yes
79,Medical-Grade Borosilicate Glass,Glass,2190,70.72,1.297,8.84,No
80,Laminated PET Plastic,Plastic,1444,62.8,2.721,1.47,No
81,Lightweight Polypropylene (PP),Plastic,729,28.19,1.903,1.27,No
82,Woven Hardboard,Wood,942,37.12,0.733,2.23,Yes
83,UV-Stabilized Bamboo Sheet,Wood,723,51.12,0.744,3.04,Yes
84,Perforated Wax Paper,Paper,824,12.21,1.12,1.34,Yes
85,Reinforced Polycarbonate,Plastic,1475,99.84,4.28,3.73,No
86,Medical-Grade Corrugated Cardboard,Paper,603,7.24,1.086,2.41,Yes
87,Waterproof Pine Wood Crate,Wood,542,34.46,0.542,2.36,Yes
88,Double-Wall PVC Film,Plastic,2034,84.51,3.652,3,No
89,Lightweight Seaweed Film,Eco,819,11.7,0.175,3.51,Yes
90,Perforated Corrugated Cardboard,Paper,565,5.02,0.942,0.92,Yes
91,Lightweight Molded Pulp,Paper,242,1.61,0.636,0.91,Yes
92,Medical-Grade Bagasse (Sugarcane),Eco,118,23.66,0.355,4.44,Yes
93,Fire-Retardant Mushroom Mycelium,Eco,171,0.91,0.672,5.43,Yes
94,Reinforced Sheep Wool,Eco,1506,14.48,0.531,4.01,Yes
95,Laminated HDPE Container,Plastic,1002,28.75,2.367,1.74,No
96,Waterproof Nylon Fabric,Plastic,1328,62.97,5.772,3.78,No
97,Standard Teflon Coating,Plastic,2169,24.65,7.889,7.89,No
98,Laminated PLA Bioplastic,Eco,1408,74.31,2.415,4.05,Yes
99,Single-Ply Corrugated Cardboard,Paper,539,4.19,0.808,0.64,Yes
100,Woven Recycled Denim,Eco,346,6.82,0.692,2.18,Yes
101,Commercial-Grade Mushroom Mycelium,Eco,149,0.8,0.497,3.65,Yes
102,Lightweight Recycled Denim,Eco,243,4.04,0.546,1.46,Yes
103,Woven Aluminum Foil,Metal,3009,59.27,13.374,5.27,No
104,Waterproof Seaweed Film,Eco,1167,15.15,0.222,4.85,Yes
105,Woven Styrofoam (EPS),Plastic,27,0.52,3.6,1.93,No
106,Double-Wall HDPE Container,Plastic,1482,46.81,2.767,2.16,No
107,Medical-Grade Hardboard,Wood,925,36.99,0.863,5.55,Yes
108,Insulated Cotton Canvas,Eco,725,23.19,1.74,3.4,Yes
109,Heavy-Duty Mushroom Mycelium,Eco,188,1.08,0.579,4.73,Yes
110,Reinforced Tin Plate,Metal,9193,292.78,8.588,2.28,No
111,Commercial-Grade HDPE Container,Plastic,915,24.08,1.83,1.31,No
112,Standard Bamboo Sheet,Wood,703,45.21,0.603,2.11,Yes
113,Lightweight Wax Paper,Paper,731,12.19,1.005,1.1,Yes
114,Woven Corrugated Cardboard,Paper,653,7.71,0.979,1.03,Yes
115,Standard Kraft Paper,Paper,826,51.65,0.826,1.14,Yes
116,Fire-Retardant PLA Bioplastic,Eco,1354,65.5,2.322,4.17,Yes
117,Lightweight Tissue Paper,Paper,199,0.8,0.718,1.35,Yes
118,Industrial-Grade Wax Paper,Paper,973,17.68,1.189,1.3,Yes
119,Perforated Polypropylene (PP),Plastic,826,28.4,2.13,1.56,No
120,Insulated Jute Burlap,Eco,627,17.36,0.579,1.85,Yes
121,Commercial-Grade ABS Plastic,Plastic,1045,40.2,3.115,2.11,No
122,Laminated Bamboo Sheet,Wood,803,56.31,0.813,3.07,Yes
123,Lightweight Bagasse (Sugarcane),Eco,94,15.72,0.265,1.33,Yes
124,Medical-Grade Tin Plate,Metal,7722,236.1,9.444,5.31,No
125,Fire-Retardant Recycled Denim,Eco,325,5.41,0.768,2.36,Yes
126,Commercial-Grade Pine Wood Crate,Wood,509,35.62,0.509,2.14,Yes
127,Recycled Hemp Composite,Eco,1138,46.55,0.621,2.7,Yes
128,Reinforced HDPE Container,Plastic,1130,37.16,2.071,1.67,No
129,Standard Jute Burlap,Eco,1301,30.02,0.5,1.2,Yes
130,Laminated Aluminum Foil,Metal,2838,51.6,14.907,5.35,No
131,Double-Wall Styrofoam (EPS),Plastic,36,0.69,4.446,2.31,No
132,Double-Wall Wax Paper,Paper,1407,28.13,1.605,2,Yes
133,Waterproof Balsa Wood,Wood,184,10.46,0.46,4.39,Yes
134,Standard Polyurethane Foam,Plastic,29,0.48,2.902,1.64,No
135,Heavy-Duty Sheep Wool,Eco,1676,13.88,0.595,4.44,Yes
136,Reinforced Acrylic Sheet,Plastic,1448,107.38,3.937,3.32,No
137,Heavy-Duty Seaweed Film,Eco,1420,21.84,0.25,5.82,Yes
138,Heavy-Duty Cotton Canvas,Eco,1863,53.49,1.719,2.94,Yes
139,Lightweight Aluminum Foil,Metal,2144,35.73,10.718,3.57,No
140,Single-Ply Tin Plate,Metal,6972,138.16,7.105,1.42,No
141,Medical-Grade Kraft Paper,Paper,831,62.31,0.997,3.43,Yes
142,UV-Stabilized Cornstarch Foam,Eco,42,0.57,1.498,2.91,Yes
143,Insulated Recycled Denim,Eco,149,2.98,0.714,2.54,Yes
144,Woven Hemp Composite,Eco,1192,64.03,1.084,3.71,Yes
145,Reinforced Seaweed Film,Eco,1264,22.56,0.221,5.21,Yes
146,UV-Stabilized PVC Film,Plastic,1289,49.07,2.974,2.5,No
147,UV-Stabilized PET Plastic,Plastic,1443,63.27,2.761,1.61,No
148,Laminated Teflon Coating,Plastic,2467,30.58,10.602,11.42,No
149,Industrial-Grade Polyurethane Foam,Plastic,32,0.58,3.182,1.8,No
150,Insulated Sheep Wool,Eco,634,5.85,0.585,4.99,Yes
151,Waterproof Plywood,Wood,727,40.68,0.671,3.05,Yes
152,Heavy-Duty Teflon Coating,Plastic,2924,35.78,9.815,11.45,No
153,Woven Bagasse (Sugarcane),Eco,136,26.82,0.34,2.01,Yes
154,Single-Ply Hardboard,Wood,784,20.33,0.61,1.39,Yes
155,Heavy-Duty Hemp Composite,Eco,1443,70.61,1.211,4.1,Yes
156,Lightweight PVC Film,Plastic,1070,37.03,2.314,1.67,No
157,Heavy-Duty Palm Leaf,Eco,618,19.98,0.457,1.6,Yes
158,Double-Wall Polycarbonate,Plastic,1741,113.19,5.147,4.33,No
159,Insulated Molded Pulp,Paper,152,1.22,0.853,1.62,Yes
160,Lightweight HDPE Container,Plastic,732,19.26,1.646,1.13,No
161,Fire-Retardant Bubble Wrap (LDPE),Plastic,1030,11.19,3.835,3.36,No
162,Heavy-Duty Styrofoam (EPS),Plastic,33,0.58,4.07,2.16,No
163,Reinforced Plywood,Wood,751,57.76,0.635,3.13,Yes
164,Double-Wall Molded Pulp,Paper,452,3.61,0.984,1.61,Yes
165,UV-Stabilized Aluminum Foil,Metal,2832,51.91,15.102,5.87,No
166,Insulated Bubble Wrap (LDPE),Plastic,472,6.16,3.57,3.61,No
167,Waterproof Polycarbonate,Plastic,1254,61.76,3.972,3.19,No
168,Fire-Retardant Tin Plate,Metal,9049,230.54,10.898,2.83,No
169,Fire-Retardant Hardboard,Wood,952,31.72,0.875,2.6,Yes
170,Waterproof Tin Plate,Metal,8682,201.08,8.847,2.17,No
171,Single-Ply HDPE Container,Plastic,865,17.71,1.73,1.05,No
172,UV-Stabilized Plywood,Wood,670,45.37,0.742,3.61,Yes
173,Commercial-Grade PVC Film,Plastic,1255,43.45,2.414,1.83,No
174,Waterproof Jute Burlap,Eco,1458,30.59,0.561,1.47,Yes
175,UV-Stabilized Jute Burlap,Eco,1283,32.58,0.592,1.66,Yes
176,Double-Wall Corrugated Cardboard,Paper,924,11.09,1.294,1.31,Yes
177,Laminated Cotton Canvas,Eco,1672,48.64,1.976,3.12,Yes
178,Commercial-Grade Bubble Wrap (LDPE),Plastic,889,9.67,2.803,2.23,No
179,Recycled Sheep Wool,Eco,1249,8.65,0.288,2.77,Yes
180,Recycled Steel Strap,Metal,7882,363.79,1.213,1.09,No
181,Waterproof Bubble Wrap (LDPE),Plastic,1061,10.48,3.343,2.77,No
182,UV-Stabilized Teflon Coating,Plastic,2168,27.1,9.462,11.04,No
183,Food-Grade Sheep Wool,Eco,1304,10.03,0.501,4.81,Yes
184,Woven Sheep Wool,Eco,1447,13.16,0.557,4.21,Yes
185,Recycled Borosilicate Glass,Glass,2209,53.5,0.654,2.68,No
186,Fire-Retardant PVC Film,Plastic,1499,51.89,3.407,2.83,No
187,Heavy-Duty Cornstarch Foam,Eco,52,0.7,1.448,2.81,Yes
188,Fire-Retardant Kraft Paper,Paper,894,55.86,1.056,1.68,Yes
189,Industrial-Grade Polypropylene (PP),Plastic,980,41.36,2.275,1.52,No
190,Food-Grade Bamboo Sheet,Wood,698,44.87,0.598,3.14,Yes
191,UV-Stabilized Tissue Paper,Paper,245,1.08,0.942,2.06,Yes
192,UV-Stabilized Steel Strap,Metal,7715,435.23,2.374,1.66,No
193,Woven PVC Film,Plastic,1373,56.16,2.64,2.25,No
194,Perforated Hardboard,Wood,812,24.07,0.702,1.99,Yes
195,Fire-Retardant Cork Sheet,Wood,270,5.62,0.398,6.13,Yes
196,Waterproof Cornstarch Foam,Eco,45,0.51,1.357,2.47,Yes
197,Commercial-Grade PLA Bioplastic,Eco,1228,59.4,1.782,2.91,Yes
198,Industrial-Grade Pine Wood Crate,Wood,567,43.32,0.567,2.27,Yes
199,Food-Grade Polyurethane Foam,Plastic,31,0.52,3.137,2.67,No
200,Anti-Static Pine Wood Crate,Wood,509,35.65,0.56,2.85,Yes
201,Single-Ply Bagasse (Sugarcane),Eco,108,13.95,0.269,1.2,Yes
202,Industrial-Grade Mushroom Mycelium,Eco,167,0.97,0.555,3.89,Yes
203,Waterproof Aluminum Foil,Metal,2832,42.9,12.585,4.58,No
204,Anti-Static Balsa Wood,Wood,157,9.8,0.431,4.8,Yes
205,Industrial-Grade Aluminum Foil,Metal,2977,54.13,13.232,4.41,No
206,Heavy-Duty Nylon Fabric,Plastic,1562,87.76,6.269,4.39,No
207,Reinforced Balsa Wood,Wood,183,14.27,0.418,4.33,Yes
208,Medical-Grade Teflon Coating,Plastic,2150,29.32,9.383,23.46,No
209,Laminated Styrofoam (EPS),Plastic,28,0.49,4.382,2.14,No
210,Laminated Cork Sheet,Wood,256,5.81,0.378,5.43,Yes
211,Perforated Acrylic Sheet,Plastic,1060,55.91,3.494,2.75,No
212,Industrial-Grade PET Plastic,Plastic,1592,69.23,2.539,1.27,No
213,Insulated Cork Sheet,Wood,115,2.87,0.345,6.13,Yes
214,Medical-Grade Seaweed Film,Eco,1089,18.66,0.249,12.44,Yes
215,Heavy-Duty Acrylic Sheet,Plastic,1589,101.54,4.352,3.63,No
216,Perforated Recycled Denim,Eco,258,3.82,0.573,1.68,Yes
217,Fire-Retardant Styrofoam (EPS),Plastic,27,0.43,4.211,2.21,No
218,Heavy-Duty Bubble Wrap (LDPE),Plastic,1225,14.34,3.565,3.15,No
219,Waterproof Borosilicate Glass,Glass,2532,61.93,1.249,3.72,No
220,Laminated Nylon Fabric,Plastic,1316,74.88,6.76,4.37,No
221,Standard Cotton Canvas,Eco,1469,39.16,1.469,2.15,Yes
222,Medical-Grade Aluminum Foil,Metal,2830,56.61,15.096,12.58,No
223,Recycled Balsa Wood,Wood,156,8.76,0.234,3.06,Yes
224,Heavy-Duty ABS Plastic,Plastic,1302,53.92,3.582,2.7,No
225,Industrial-Grade Seaweed Film,Eco,1126,17.55,0.215,4.29,Yes
226,Laminated Bubble Wrap (LDPE),Plastic,1003,11.89,3.736,3.05,No
227,Single-Ply Wax Paper,Paper,786,10.18,0.96,0.93,Yes
228,Laminated Molded Pulp,Paper,319,2.32,0.88,1.35,Yes
229,Food-Grade PLA Bioplastic,Eco,1196,57.88,1.736,4.05,Yes
230,Food-Grade Polypropylene (PP),Plastic,933,36.07,2.164,2.16,No
231,Single-Ply Plywood,Wood,602,28.83,0.556,2.06,Yes
232,Anti-Static Sheep Wool,Eco,1360,10.46,0.575,4.69,Yes
233,Double-Wall Palm Leaf,Eco,721,25.95,0.538,1.85,Yes
234,Industrial-Grade Bamboo Sheet,Wood,786,55.11,0.674,2.36,Yes
235,Industrial-Grade Sheep Wool,Eco,1459,12.25,0.561,3.59,Yes
236,Insulated Polypropylene (PP),Plastic,465,21.58,2.59,2.3,No
237,Reinforced Jute Burlap,Eco,1589,45.83,0.56,1.59,Yes
238,Lightweight Styrofoam (EPS),Plastic,19,0.31,2.859,1.3,No
239,Double-Wall Steel Strap,Metal,11721,721.29,2.805,1.92,No
240,Food-Grade Corrugated Cardboard,Paper,579,5.79,0.869,1.16,Yes
241,Woven Polypropylene (PP),Plastic,1007,46.01,2.336,1.84,No
242,Fire-Retardant Bamboo Sheet,Wood,770,49.53,0.78,3.15,Yes
243,Waterproof PLA Bioplastic,Eco,1331,58.56,1.932,3.28,Yes
244,Recycled Polyurethane Foam,Plastic,30,0.45,1.786,1.52,No
245,Standard Glass Jar,Glass,2449,48.99,0.784,1.47,No
246,UV-Stabilized Tin Plate,Metal,8236,230.81,10.072,2.64,No
247,Insulated Palm Leaf,Eco,239,8.61,0.459,1.84,Yes
248,Standard Corrugated Cardboard,Paper,591,5.91,0.886,0.79,Yes
249,Recycled Bubble Wrap (LDPE),Plastic,928,9.08,1.756,2,No
250,Insulated Aluminum Foil,Metal,1343,26.86,14.326,6.37,No
251,Perforated Cornstarch Foam,Eco,36,0.4,1.206,2.21,Yes
252,Heavy-Duty Recycled Denim,Eco,374,6.71,0.69,2.15,Yes
253,Lightweight Mushroom Mycelium,Eco,124,0.66,0.465,3.26,Yes
254,Anti-Static Polypropylene (PP),Plastic,925,35.77,2.361,2,No
255,Commercial-Grade Seaweed Film,Eco,1057,15.1,0.201,4.23,Yes
256,Single-Ply Nylon Fabric,Plastic,1082,43.91,4.705,2.51,No
257,Food-Grade Bubble Wrap (LDPE),Plastic,888,9.65,2.798,3.18,No
258,Reinforced Nylon Fabric,Plastic,1447,94.35,5.766,4.09,No
259,Anti-Static Wax Paper,Paper,883,14.72,1.188,1.65,Yes
260,Fire-Retardant Polypropylene (PP),Plastic,993,38.42,2.724,2.1,No
261,Anti-Static Bagasse (Sugarcane),Eco,119,19.87,0.328,2.09,Yes
262,Industrial-Grade PLA Bioplastic,Eco,1385,73.08,2.01,3.13,Yes
263,Insulated Styrofoam (EPS),Plastic,13,0.25,4.103,2.49,No
264,Heavy-Duty Bagasse (Sugarcane),Eco,156,27.97,0.36,2.1,Yes
265,Double-Wall Glass Jar,Glass,3716,89.19,1.11,2.38,No
266,Reinforced Recycled Denim,Eco,364,7.59,0.668,2.1,Yes
267,Single-Ply Palm Leaf,Eco,453,10.56,0.362,0.97,Yes
268,Standard Steel Strap,Metal,7967,408.56,2.043,1.23,No
269,Single-Ply Balsa Wood,Wood,139,6.76,0.348,2.7,Yes
270,Woven Molded Pulp,Paper,319,2.51,0.744,1.26,Yes
271,Insulated Tin Plate,Metal,3761,114.99,9.199,2.76,No
272,Reinforced Cornstarch Foam,Eco,49,0.76,1.341,2.64,Yes
273,UV-Stabilized PLA Bioplastic,Eco,1179,62.75,2.054,3.73,Yes
274,UV-Stabilized Mushroom Mycelium,Eco,154,0.9,0.617,5.04,Yes
275,Food-Grade Pine Wood Crate,Wood,521,36.48,0.521,3.13,Yes
276,Commercial-Grade Cotton Canvas,Eco,1466,39.09,1.466,2.26,Yes
277,Anti-Static Seaweed Film,Eco,1005,14.35,0.211,5.36,Yes
278,Insulated Bamboo Sheet,Wood,351,27.07,0.722,3.37,Yes
279,Double-Wall Acrylic Sheet,Plastic,1843,131.21,5.103,4.17,No
280,Waterproof HDPE Container,Plastic,1050,25.13,2.101,1.57,No
281,Insulated Bagasse (Sugarcane),Eco,62,12.46,0.374,2.49,Yes
282,Fire-Retardant Palm Leaf,Eco,575,17.24,0.543,1.88,Yes
283,Commercial-Grade Corrugated Cardboard,Paper,581,5.81,0.871,0.81,Yes
284,Industrial-Grade Cork Sheet,Wood,255,5.78,0.318,4.24,Yes
285,Perforated Polyurethane Foam,Plastic,26,0.39,2.923,1.82,No
286,Waterproof Hemp Composite,Eco,1218,50.31,1.107,3.5,Yes
287,UV-Stabilized Seaweed Film,Eco,1010,15.87,0.231,5.39,Yes
288,Perforated Kraft Paper,Paper,700,38.88,0.778,1.18,Yes
289,Laminated Steel Strap,Metal,8861,495.75,2.685,1.74,No
290,Medical-Grade Tissue Paper,Paper,250,1.2,0.959,4.49,Yes
291,Woven Jute Burlap,Eco,1443,39.34,0.555,1.57,Yes
292,Reinforced Styrofoam (EPS),Plastic,29,0.58,3.504,1.88,No
293,Fire-Retardant Steel Strap,Metal,8490,435.4,2.573,1.78,No
294,Fire-Retardant Teflon Coating,Plastic,2410,27.39,10.359,11.95,No
295,Laminated Acrylic Sheet,Plastic,1341,86.78,4.701,3.62,No
296,Fire-Retardant Aluminum Foil,Metal,2859,47.65,15.016,5.78,No
297,Recycled Corrugated Cardboard,Paper,610,5.49,0.549,0.73,Yes
298,Insulated ABS Plastic,Plastic,496,22.87,3.545,3.05,No
299,Laminated Tissue Paper,Paper,274,1.2,1.038,2.1,Yes
300,Waterproof Kraft Paper,Paper,889,50.53,0.889,1.33,Yes
301,Industrial-Grade Balsa Wood,Wood,182,12.41,0.455,3.98,Yes
302,Waterproof ABS Plastic,Plastic,1153,40.3,3.435,2.42,No
303,Medical-Grade ABS Plastic,Plastic,1022,47.19,3.657,5.9,No
304,Food-Grade Palm Leaf,Eco,499,14.96,0.399,1.8,Yes
305,Laminated Polyurethane Foam,Plastic,32,0.58,3.779,2.31,No
306,Heavy-Duty Bamboo Sheet,Wood,868,60.09,0.687,2.8,Yes
307,Food-Grade Hemp Composite,Eco,1116,50.74,1.015,4.41,Yes
308,Anti-Static Hardboard,Wood,937,31.22,0.801,2.62,Yes
309,Heavy-Duty PET Plastic,Plastic,1767,75.86,2.601,1.52,No
310,Food-Grade Hardboard,Wood,883,29.42,0.686,2.65,Yes
311,Double-Wall Teflon Coating,Plastic,3309,45.12,11.231,12.84,No
312,Double-Wall Bubble Wrap (LDPE),Plastic,1399,18.25,4.116,3.57,No
313,Double-Wall Hardboard,Wood,1315,52.62,0.955,2.81,Yes
314,Commercial-Grade Hardboard,Wood,928,30.92,0.722,1.95,Yes
315,Industrial-Grade Teflon Coating,Plastic,2513,31.15,9.138,9.14,No
316,Recycled Cotton Canvas,Eco,1525,36.6,0.915,2.01,Yes
317,Commercial-Grade Aluminum Foil,Metal,2826,47.09,12.558,4.4,No
318,Commercial-Grade Kraft Paper,Paper,805,50.31,0.805,1.16,Yes
319,Food-Grade PVC Film,Plastic,1267,43.85,2.436,2.63,No
320,Recycled PVC Film,Plastic,1279,39.86,1.476,1.59,No
321,Industrial-Grade Hardboard,Wood,1006,36.58,0.782,2.01,Yes
322,Laminated ABS Plastic,Plastic,1173,49.2,4.131,2.87,No
323,Double-Wall Mushroom Mycelium,Eco,232,1.48,0.722,5.77,Yes
324,Waterproof Sheep Wool,Eco,1386,9.69,0.533,3.72,Yes
325,Medical-Grade Balsa Wood,Wood,156,11.7,0.468,10.24,Yes
326,Fire-Retardant Cornstarch Foam,Eco,44,0.55,1.565,3.01,Yes
327,Anti-Static PLA Bioplastic,Eco,1228,59.44,1.961,3.88,Yes
328,Fire-Retardant Bagasse (Sugarcane),Eco,129,21.45,0.38,2.19,Yes
329,Reinforced Hardboard,Wood,1101,45.89,0.785,2.39,Yes
330,Fire-Retardant ABS Plastic,Plastic,1107,42.58,3.9,2.9,No
331,Perforated Steel Strap,Metal,7197,328.07,2.05,1.35,No
332,Standard Wax Paper,Paper,918,15.3,1.122,1.22,Yes
333,Standard Styrofoam (EPS),Plastic,24,0.39,3.207,1.46,No
334,Reinforced Corrugated Cardboard,Paper,705,8.82,0.97,1.02,Yes
335,Reinforced ABS Plastic,Plastic,1225,58.91,3.348,2.55,No
336,Commercial-Grade Teflon Coating,Plastic,2112,24,7.681,8.06,No
337,Insulated Borosilicate Glass,Glass,1150,37.14,1.362,4.95,No
338,Heavy-Duty PLA Bioplastic,Eco,1690,88.07,2.265,4.11,Yes
339,Single-Ply Bamboo Sheet,Wood,636,31.82,0.545,1.7,Yes
340,Commercial-Grade Wax Paper,Paper,890,14.84,1.088,1.25,Yes
341,Laminated Hardboard,Wood,972,35.35,0.894,2.47,Yes
342,Anti-Static Tissue Paper,Paper,253,1.01,0.891,2.13,Yes
343,Fire-Retardant Corrugated Cardboard,Paper,658,6.58,1.167,1.2,Yes
344,Reinforced Wax Paper,Paper,1120,23.34,1.255,1.62,Yes
345,Lightweight Borosilicate Glass,Glass,1739,46.8,0.965,2.63,No
346,Industrial-Grade Polycarbonate,Plastic,1321,78.03,4.182,3.08,No
347,Standard Acrylic Sheet,Plastic,1172,69.51,3.475,2.48,No
348,Anti-Static Mushroom Mycelium,Eco,151,0.81,0.554,4.93,Yes
349,Woven Wax Paper,Paper,981,19.32,1.199,1.55,Yes
350,Industrial-Grade Tissue Paper,Paper,280,1.22,0.897,1.68,Yes
351,Anti-Static Nylon Fabric,Plastic,1095,57.11,5.235,4,No
352,Anti-Static Steel Strap,Metal,7792,399.61,2.198,1.68,No
353,Waterproof Glass Jar,Glass,2670,48.54,0.854,1.75,No
354,Single-Ply Tissue Paper,Paper,233,0.72,0.745,1.24,Yes
355,Single-Ply Molded Pulp,Paper,280,1.45,0.653,0.83,Yes
356,Recycled Molded Pulp,Paper,285,1.71,0.399,0.86,Yes
357,Medical-Grade Acrylic Sheet,Plastic,1185,84.38,4.219,7.53,No
358,Insulated Glass Jar,Glass,1206,28.94,0.926,2.31,No
359,Double-Wall Nylon Fabric,Plastic,1789,112.01,7.26,4.98,No
360,Industrial-Grade Nylon Fabric,Plastic,1229,69.97,5.345,3.21,No
361,Double-Wall Jute Burlap,Eco,1917,53.09,0.688,1.89,Yes
362,Single-Ply PLA Bioplastic,Eco,1165,43.83,1.69,2.34,Yes
363,UV-Stabilized Cork Sheet,Wood,238,5.45,0.357,5.55,Yes
364,Laminated Glass Jar,Glass,2843,62.04,1.075,2.17,No
365,Perforated Balsa Wood,Wood,143,7.93,0.396,3.82,Yes
366,Heavy-Duty Polycarbonate,Plastic,1571,91.61,4.591,3.95,No
367,Commercial-Grade Bagasse (Sugarcane),Eco,123,20.43,0.306,1.61,Yes
368,Laminated Cornstarch Foam,Eco,42,0.57,1.488,2.67,Yes
369,Lightweight Teflon Coating,Plastic,1700,19.31,6.953,6.95,No
370,Double-Wall Balsa Wood,Wood,249,18.66,0.581,5.81,Yes
371,Laminated Corrugated Cardboard,Paper,656,7.16,1.163,1.11,Yes
372,Double-Wall Borosilicate Glass,Glass,3284,106.02,1.512,4.71,No
373,Recycled Cork Sheet,Wood,249,4.67,0.187,3.74,Yes
374,Woven Nylon Fabric,Plastic,1303,80.32,5.664,4.02,No
375,Reinforced Steel Strap,Metal,9125,584.93,2.145,1.52,No
376,Commercial-Grade Palm Leaf,Eco,498,14.93,0.398,1.25,Yes
377,Food-Grade Balsa Wood,Wood,167,10.47,0.419,5.5,Yes
378,Reinforced Borosilicate Glass,Glass,2781,93.53,1.257,4.05,No
379,Lightweight Pine Wood Crate,Wood,403,28.18,0.453,1.81,Yes
380,Fire-Retardant Borosilicate Glass,Glass,2496,67.16,1.455,4.58,No
381,Fire-Retardant Molded Pulp,Paper,318,2.12,0.878,1.45,Yes
382,Fire-Retardant Jute Burlap,Eco,1480,34.15,0.673,1.86,Yes
383,Double-Wall Cork Sheet,Wood,374,9.34,0.436,6.64,Yes
384,UV-Stabilized Molded Pulp,Paper,298,2.18,0.833,1.39,Yes
385,Medical-Grade Polyurethane Foam,Plastic,30,0.59,3.546,5.02,No
386,Anti-Static Polycarbonate,Plastic,1236,66.95,4.306,4.04,No
387,Perforated Pine Wood Crate,Wood,436,27.16,0.485,2.13,Yes
388,Double-Wall PLA Bioplastic,Eco,1917,111.28,2.597,4.62,Yes
389,Perforated PVC Film,Plastic,1185,36.46,2.532,2.01,No
390,UV-Stabilized HDPE Container,Plastic,976,28.25,2.342,1.87,No
391,Waterproof Wax Paper,Paper,1035,15.68,1.265,1.51,Yes
392,Fire-Retardant Plywood,Wood,741,45.57,0.808,3.88,Yes
393,Lightweight Bamboo Sheet,Wood,576,37,0.555,1.94,Yes
394,Commercial-Grade Borosilicate Glass,Glass,2174,58.5,1.073,3.07,No
395,Medical-Grade Recycled Denim,Eco,291,5.82,0.699,4.66,Yes
396,Woven ABS Plastic,Plastic,1184,53.82,3.529,2.69,No
397,Medical-Grade Styrofoam (EPS),Plastic,25,0.48,3.942,4.48,No
398,Perforated Polycarbonate,Plastic,1062,51.15,3.738,3.03,No
399,Industrial-Grade Cotton Canvas,Eco,1683,48.97,1.683,2.47,Yes
400,Commercial-Grade Tissue Paper,Paper,241,0.96,0.772,1.52,Yes
401,Heavy-Duty Glass Jar,Glass,3390,73.01,1.001,2.19,No
402,UV-Stabilized ABS Plastic,Plastic,1059,44.79,3.787,2.85,No
403,Standard Seaweed Film,Eco,1045,14.93,0.199,3.98,Yes
404,Woven Cotton Canvas,Eco,1703,53.69,1.703,2.95,Yes
405,Recycled Pine Wood Crate,Wood,484,30.47,0.29,1.74,Yes
406,Waterproof Mushroom Mycelium,Eco,170,0.82,0.567,4.33,Yes
407,Anti-Static Hemp Composite,Eco,1149,52.23,1.149,4.24,Yes
408,Lightweight PLA Bioplastic,Eco,999,48.34,1.631,2.54,Yes
409,Woven Acrylic Sheet,Plastic,1282,89.9,3.803,3.21,No
410,Laminated Balsa Wood,Wood,184,12.53,0.543,5.12,Yes
411,Anti-Static Teflon Coating,Plastic,2283,25.94,9.132,11.62,No
412,Insulated PVC Film,Plastic,665,27.64,3.071,2.95,No
413,Laminated Sheep Wool,Eco,1395,11.7,0.634,4.37,Yes
414,Perforated Tissue Paper,Paper,231,0.82,0.822,1.7,Yes
415,Perforated Palm Leaf,Eco,468,12.49,0.416,1.37,Yes
416,Food-Grade Molded Pulp,Paper,308,2.06,0.72,1.54,Yes
417,Lightweight Steel Strap,Metal,6082,311.88,1.754,1.05,No
418,Recycled Wax Paper,Paper,927,13.9,0.68,1.11,Yes
419,Perforated Nylon Fabric,Plastic,1064,49.35,5.141,3.39,No
420,Double-Wall Sheep Wool,Eco,1871,17.27,0.672,4.91,Yes
421,Waterproof Recycled Denim,Eco,316,4.79,0.632,1.84,Yes
422,Insulated Nylon Fabric,Plastic,599,37.5,6.25,5,No
423,Single-Ply Cornstarch Foam,Eco,36,0.35,1.091,1.62,Yes
424,Heavy-Duty Tissue Paper,Paper,335,1.44,0.99,2.17,Yes
425,Insulated Pine Wood Crate,Wood,241,20.23,0.578,3.08,Yes
426,Anti-Static Kraft Paper,Paper,795,49.66,0.874,1.53,Yes
427,Waterproof Cotton Canvas,Eco,1678,40.69,1.678,2.69,Yes
428,Standard Aluminum Foil,Metal,2753,45.89,12.236,4.08,No
429,Perforated Jute Burlap,Eco,1216,24.94,0.52,1.37,Yes
430,Recycled Bamboo Sheet,Wood,678,39.23,0.349,1.83,Yes
431,Standard Tissue Paper,Paper,247,0.99,0.79,1.48,Yes
432,Lightweight Nylon Fabric,Plastic,942,49.13,4.606,2.76,No
433,Standard Molded Pulp,Paper,296,1.97,0.691,0.99,Yes
434,Single-Ply Polypropylene (PP),Plastic,849,25.55,1.971,1.17,No
435,Commercial-Grade Acrylic Sheet,Plastic,1209,71.72,3.586,2.69,No
436,Heavy-Duty Polyurethane Foam,Plastic,40,0.72,3.69,2.44,No
437,Insulated Kraft Paper,Paper,394,29.55,0.946,1.73,Yes
438,Lightweight Glass Jar,Glass,2029,40.59,0.731,1.37,No
439,Commercial-Grade Tin Plate,Metal,8110,206.63,8.265,1.95,No
440,Medical-Grade PVC Film,Plastic,1248,51.82,2.879,5.18,No
441,Recycled HDPE Container,Plastic,987,23.37,1.184,1.22,No
442,Standard Hemp Composite,Eco,1152,52.35,1.047,3.04,Yes
443,Perforated Tin Plate,Metal,7044,159.52,7.976,1.97,No
444,Heavy-Duty Polypropylene (PP),Plastic,1176,48.96,2.518,1.96,No
445,Heavy-Duty Wax Paper,Paper,1133,20.34,1.278,1.63,Yes
446,Anti-Static Recycled Denim,Eco,308,5.13,0.677,2.3,Yes
447,Laminated Bagasse (Sugarcane),Eco,138,25.14,0.409,2.2,Yes
448,Reinforced Cork Sheet,Wood,293,7.62,0.335,5.28,Yes
449,Recycled Mushroom Mycelium,Eco,155,0.74,0.309,3.25,Yes
450,UV-Stabilized Pine Wood Crate,Wood,518,39.92,0.622,2.9,Yes
451,Anti-Static Borosilicate Glass,Glass,2224,59.83,1.207,4.19,No
452,UV-Stabilized Palm Leaf,Eco,491,16.2,0.471,1.65,Yes
453,Insulated Mushroom Mycelium,Eco,72,0.46,0.573,5.35,Yes
454,Commercial-Grade Polycarbonate,Plastic,1161,62.88,3.676,2.84,No
455,Standard ABS Plastic,Plastic,995,38.28,2.966,1.91,No
456,Medical-Grade HDPE Container,Plastic,930,29.38,2.233,3.82,No
457,Industrial-Grade Tin Plate,Metal,9058,251.75,9.231,2.08,No
458,Industrial-Grade Molded Pulp,Paper,335,2.44,0.782,1.12,Yes
459,Anti-Static Palm Leaf,Eco,512,15.36,0.451,1.72,Yes
460,Food-Grade PET Plastic,Plastic,1388,55.32,2.213,1.66,No
461,Single-Ply Cork Sheet,Wood,220,3.57,0.275,3.27,Yes
462,Perforated Plywood,Wood,560,30.61,0.574,2.63,Yes
463,Food-Grade Styrofoam (EPS),Plastic,26,0.42,3.436,2.34,No
464,Fire-Retardant Tissue Paper,Paper,269,1.08,1.019,2.2,Yes
465,Commercial-Grade Glass Jar,Glass,2390,47.8,0.765,1.51,No
466,Single-Ply Sheep Wool,Eco,1129,6.76,0.434,2.47,Yes
467,Waterproof Bamboo Sheet,Wood,761,44.49,0.653,2.49,Yes
468,Food-Grade Teflon Coating,Plastic,2118,24.06,7.701,11.55,No
469,Standard Sheep Wool,Eco,1349,10.38,0.519,3.32,Yes
470,Single-Ply Mushroom Mycelium,Eco,138,0.57,0.46,2.86,Yes
471,Heavy-Duty Kraft Paper,Paper,1027,69.12,0.948,1.52,Yes
472,Food-Grade Kraft Paper,Paper,768,48,0.768,1.58,Yes
473,Perforated Teflon Coating,Plastic,1944,19.64,7.855,8.64,No
474,Anti-Static Cork Sheet,Wood,234,4.89,0.322,5.47,Yes
475,Industrial-Grade Acrylic Sheet,Plastic,1343,86.89,3.983,2.84,No
476,Anti-Static ABS Plastic,Plastic,1000,38.48,3.28,2.69,No
477,Anti-Static Acrylic Sheet,Plastic,1183,70.16,3.859,3.51,No
478,Lightweight Balsa Wood,Wood,127,7.96,0.358,3.14,Yes
479,Anti-Static Glass Jar,Glass,2474,49.49,0.871,2.08,No
480,Industrial-Grade Borosilicate Glass,Glass,2363,69.35,1.165,3.18,No
481,Medical-Grade Cork Sheet,Wood,237,5.93,0.356,11.87,Yes
482,Standard Mushroom Mycelium,Eco,155,0.83,0.518,3.63,Yes
483,Fire-Retardant PET Plastic,Plastic,1450,57.78,2.732,1.58,No
484,Double-Wall Kraft Paper,Paper,1158,86.84,1.081,1.7,Yes
485,Laminated Palm Leaf,Eco,546,17.86,0.516,1.67,Yes
486,Recycled ABS Plastic,Plastic,1053,36.46,1.884,1.82,No
487,Recycled Styrofoam (EPS),Plastic,25,0.35,1.952,1.33,No
488,Industrial-Grade Cornstarch Foam,Eco,45,0.62,1.363,2.27,Yes
489,Anti-Static Jute Burlap,Eco,1361,31.4,0.576,1.76,Yes
490,Double-Wall Hemp Composite,Eco,1726,94.12,1.464,4.85,Yes
491,UV-Stabilized Cotton Canvas,Eco,1523,44.68,1.828,3.13,Yes
492,Recycled Aluminum Foil,Metal,2713,40.69,7.235,3.62,No
493,Laminated Pine Wood Crate,Wood,550,41.98,0.65,2.8,Yes
494,Industrial-Grade Bagasse (Sugarcane),Eco,128,23.26,0.32,1.6,Yes
495,Perforated Bagasse (Sugarcane),Eco,103,15.22,0.285,1.57,Yes
496,Insulated Seaweed Film,Eco,524,8.99,0.24,6.39,Yes
497,Laminated Jute Burlap,Eco,1403,35.31,0.638,1.65,Yes
498,Food-Grade Cork Sheet,Wood,243,5.06,0.304,6.07,Yes
499,Waterproof Polypropylene (PP),Plastic,1026,36.08,2.381,1.73,No
500,Standard PET Plastic,Plastic,1377,54.9,2.196,1.1,No
501,Perforated PET Plastic,Plastic,1181,41.82,2.091,1.15,No
502,Anti-Static Corrugated Cardboard,Paper,607,6.07,1.002,1.13,Yes
503,Recycled PET Plastic,Plastic,1360,48.77,1.3,0.98,No
504,Lightweight Bubble Wrap (LDPE),Plastic,759,8.25,2.691,2.04,No
505,Reinforced Tissue Paper,Paper,295,1.48,0.866,1.92,Yes
506,Reinforced Polyurethane Foam,Plastic,36,0.76,3.337,2.23,No
507,Double-Wall PET Plastic,Plastic,2124,101.6,3.161,1.81,No
508,Fire-Retardant Polyurethane Foam,Plastic,34,0.57,4.018,2.63,No
509,Food-Grade Tin Plate,Metal,7960,202.79,8.112,2.74,No
510,Reinforced Bamboo Sheet,Wood,855,68.68,0.672,2.78,Yes
511,Commercial-Grade Styrofoam (EPS),Plastic,25,0.4,3.308,1.58,No
512,Recycled PLA Bioplastic,Eco,1264,55.07,1.101,2.57,Yes
513,Insulated HDPE Container,Plastic,489,15.46,2.35,2.14,No
514,Heavy-Duty Borosilicate Glass,Glass,2983,86.44,1.358,4.32,No
515,Insulated Polyurethane Foam,Plastic,15,0.3,3.625,2.74,No
516,Commercial-Grade PET Plastic,Plastic,1311,52.25,2.09,1.1,No
517,UV-Stabilized Corrugated Cardboard,Paper,575,6.33,1.035,1.07,Yes
518,Heavy-Duty Pine Wood Crate,Wood,624,47.05,0.576,2.69,Yes
519,Medical-Grade Cornstarch Foam,Eco,40,0.59,1.426,5.94,Yes
520,Single-Ply Recycled Denim,Eco,265,3.43,0.529,1.25,Yes
521,Perforated Mushroom Mycelium,Eco,135,0.64,0.502,3.86,Yes
522,Reinforced Kraft Paper,Paper,922,72.04,0.845,1.37,Yes
523,Fire-Retardant Seaweed Film,Eco,1192,17.04,0.268,6.19,Yes
524,Fire-Retardant Pine Wood Crate,Wood,567,39.67,0.67,3.09,Yes
525,Waterproof Teflon Coating,Plastic,2440,25.21,8.874,9.68,No
526,Commercial-Grade Sheep Wool,Eco,1341,10.31,0.516,3.47,Yes
527,Anti-Static Aluminum Foil,Metal,2619,43.65,12.803,5.43,No
528,Woven Kraft Paper,Paper,880,65.02,0.88,1.43,Yes
529,UV-Stabilized Styrofoam (EPS),Plastic,26,0.46,4.144,2.2,No
530,Recycled Kraft Paper,Paper,801,45.05,0.481,0.99,Yes
531,Medical-Grade Polycarbonate,Plastic,1142,74.24,4.34,8,No
532,Single-Ply Acrylic Sheet,Plastic,1070,49.38,3.174,2.02,No
533,Perforated PLA Bioplastic,Eco,1108,47.65,1.787,3.06,Yes
534,Double-Wall Cotton Canvas,Eco,2338,74.82,2.182,3.66,Yes
535,Laminated Tin Plate,Metal,8415,233.88,10.135,2.46,No
536,Medical-Grade Polypropylene (PP),Plastic,899,41.71,2.503,4.17,No
537,Heavy-Duty Molded Pulp,Paper,389,2.79,0.838,1.4,Yes
538,Commercial-Grade Hemp Composite,Eco,1104,50.19,1.004,3.06,Yes
539,Reinforced Bubble Wrap (LDPE),Plastic,1122,15.25,3.242,2.91,No
540,Commercial-Grade Steel Strap,Metal,8043,412.48,2.062,1.3,No
541,Medical-Grade Pine Wood Crate,Wood,491,41.2,0.589,5.89,Yes
542,Fire-Retardant HDPE Container,Plastic,1058,27.84,2.5,1.97,No
543,Standard Balsa Wood,Wood,166,10.37,0.415,3.63,Yes
544,Waterproof Steel Strap,Metal,8472,394.96,2.172,1.42,No
545,Reinforced Mushroom Mycelium,Eco,178,1.18,0.542,4.49,Yes
546,Recycled Nylon Fabric,Plastic,1202,56.44,3.135,2.82,No
547,Single-Ply Bubble Wrap (LDPE),Plastic,866,7.32,2.729,1.84,No
548,UV-Stabilized Glass Jar,Glass,2529,55.63,0.971,2.12,No
549,Single-Ply Hemp Composite,Eco,1036,36.64,0.942,2.43,Yes
550,Laminated Kraft Paper,Paper,868,59.17,1.026,1.52,Yes
551,Perforated Sheep Wool,Eco,1185,8.1,0.506,3.56,Yes
552,Reinforced Palm Leaf,Eco,622,23.32,0.456,1.62,Yes
553,UV-Stabilized Recycled Denim,Eco,287,5.27,0.69,2.15,Yes
554,Heavy-Duty Balsa Wood,Wood,206,13.88,0.476,4.86,Yes
555,Insulated Tissue Paper,Paper,127,0.61,0.973,2.43,Yes
556,Recycled Jute Burlap,Eco,1341,27.84,0.309,1.11,Yes
557,Commercial-Grade Cork Sheet,Wood,249,5.18,0.311,4.35,Yes
558,Waterproof Corrugated Cardboard,Paper,663,6.03,0.995,0.97,Yes
559,Waterproof PET Plastic,Plastic,1587,57.52,2.531,1.38,No
560,Standard PVC Film,Plastic,1292,44.73,2.485,1.79,No
561,Heavy-Duty HDPE Container,Plastic,1196,33.91,2.209,1.76,No
562,Perforated Bamboo Sheet,Wood,617,35.24,0.587,2.26,Yes
563,Perforated Bubble Wrap (LDPE),Plastic,851,8.22,2.981,2.49,No
564,UV-Stabilized Sheep Wool,Eco,1263,10.69,0.583,4.35,Yes
565,Anti-Static HDPE Container,Plastic,939,24.7,2.065,1.8,No
566,Woven Teflon Coating,Plastic,2529,33.97,9.197,10.87,No
567,Insulated Hemp Composite,Eco,566,30.85,1.234,4.77,Yes
568,Heavy-Duty Cork Sheet,Wood,321,7.2,0.37,5.76,Yes
569,Laminated Polycarbonate,Plastic,1273,75.2,4.762,3.78,No
570,Industrial-Grade ABS Plastic,Plastic,1141,47.85,3.4,2.19,No
571,Woven Mushroom Mycelium,Eco,169,1.06,0.563,4.66,Yes
572,Waterproof PVC Film,Plastic,1427,44.9,2.744,2.16,No
573,Insulated Plywood,Wood,338,24.95,0.749,4.16,Yes
574,Standard Nylon Fabric,Plastic,1133,59.13,4.928,2.96,No
575,Woven PLA Bioplastic,Eco,1311,74.97,1.903,3.5,Yes
576,Woven Cork Sheet,Wood,260,6.4,0.325,5.12,Yes
577,Lightweight Polycarbonate,Plastic,989,53.58,3.524,2.6,No
578,Heavy-Duty Jute Burlap,Eco,1641,40.78,0.583,1.63,Yes
579,Lightweight Sheep Wool,Eco,1028,7.9,0.445,2.85,Yes
580,Woven Bamboo Sheet,Wood,788,59.87,0.675,2.79,Yes
581,Lightweight Cork Sheet,Wood,193,4.02,0.271,3.62,Yes
582,UV-Stabilized Polycarbonate,Plastic,1193,71.06,4.532,3.9,No
583,Recycled Polycarbonate,Plastic,1208,58.89,2.295,2.54,No
584,Heavy-Duty Corrugated Cardboard,Paper,755,8.14,1.046,1.08,Yes
585,UV-Stabilized Bubble Wrap (LDPE),Plastic,919,10.99,3.477,3.08,No
586,Commercial-Grade Nylon Fabric,Plastic,1150,60.01,5.001,3.15,No
587,Reinforced Molded Pulp,Paper,375,3.12,0.802,1.35,Yes
588,Standard Borosilicate Glass,Glass,2245,60.41,1.108,3.02,No
589,Single-Ply ABS Plastic,Plastic,966,28.9,2.88,1.65,No
590,Lightweight Polyurethane Foam,Plastic,25,0.41,2.762,1.56,No
591,Industrial-Grade Palm Leaf,Eco,543,17.77,0.434,1.3,Yes
592,Standard Hardboard,Wood,905,30.18,0.704,1.81,Yes
593,UV-Stabilized Polypropylene (PP),Plastic,894,38.04,2.49,1.94,No
594,Standard Plywood,Wood,675,41.52,0.623,2.59,Yes
595,Medical-Grade PET Plastic,Plastic,1405,67.19,2.688,3.36,No
596,Insulated Teflon Coating,Plastic,1084,14.78,9.459,12.61,No
597,UV-Stabilized Nylon Fabric,Plastic,1112,63.84,5.804,4.06,No
598,Laminated Recycled Denim,Eco,326,5.93,0.771,2.21,Yes
599,Double-Wall Bamboo Sheet,Wood,1004,77.42,0.803,3.21,Yes
600,Anti-Static Cornstarch Foam,Eco,41,0.52,1.369,2.9,Yes
